Origin_index,Molecule,Score,Time
874,c1(S(=O)(=O)C)c2cccc(Cl)c2c1c(n1Cc1ccc(F)cc1)cNcc1,-9.1,224.1839029788971
260,C1(C2=C=CS(=O)(=O)N=C1c1cc(-c3ccc[nH]c3=O)nc(C3CC(C)c3)c1)cc2,-9.0,387.1795039176941
753,c12cccc(Cn2c3c(c(=O)ccc(N)c3)n2)c1C1=C(CO)Nc2cc(CC21cc2O)N,-8.8,245.63261151313785
356,O=C(NC12CC(C1)c1ccccc1S(=O)(=O)N2)c1cc(C(O)Cc1cc(F)C(F)cc1CC)C1,-8.7,480.51808738708496
104,C(Cc1c(F)cc(F)c(F)c1)c1nn(Cc2ccc(F)cc2)n2ccc(=O)ncc2ccc1,-8.7,324.128133058548
90,c1cccc2nc(C(O)=O)cc(CC(O)=O)c2cc1-c1cccc(F)c1,-8.6,491.6255266666413
27,C(C1CC2CCC1c1cc(C(=O)O)ccc1NC(=O)C2)C1=CCCOC1=O,-8.5,345.87828040122986
891,c1ccc2cc(NC(c3ccccc3)CC3=CC4=CC=NC4CC3)ccc2c1Cl,-8.4,276.3812925815582
756,c1cc2c(cc1)N=C(NC(=O)c1cc(N(c1ccc(F)cc1)(C)=O)cn2)ccc(=O)c1,-8.3,249.93144702911377
129,C1CC2(CCN(c3c4c(cccc4)c(N4CCC5(CC4)c(NC5=O)c3)C2)O)CCCCC1,-8.2,242.60068893432617
804,c1cc2c(cc1)N=c(C(=O)NC)S(=O)(=O)C=CN2c1ccc(O)cc1,-8.1,355.5874228477478
191,CC(C)CN(CCO)C(=O)Nc1cc2oc(-c3ccn(C)c3C(N)=O)nc2cc2cc21,-8.1,525.2845447063446
461,Cc1S(c2cccc(F)c2)C(=O)Oc2ccc3ccccc3c2c1C(O)=O,-8.0,366.39595127105713
840,O1NC(O)C(N2CCN(c3c(O)cc(C)cc3)CC2)Oc2c1NC(=O)C2=O,-8.0,325.3860762119293
94,C1Oc2c(cccc2C2=Nc3ccccc3S(=O)(=O)N2)c2cc(N)ccc21,-8.0,249.40118074417117
89,FC(F)(F)c1cc2c(cc1)c(C(NC(NC(=O)C(COC)=O)=O)C(N)=N)c2,-8.0,405.0365254878998
854,C1C(C)CN(CC(=O)NC2c3ccccc3CC2O)C(C(C)C)(C)CNC1=O,-8.0,346.12543511390686
24,c1(-c2c(F)c(F)cC(Cl)cc2)cc2n1c(C(=O)O)cccc2,-8.0,245.71255898475647
114,C1C(c2cc3cc(-c4c(N)nccc4)cc(Cl)cc3n(CCO)c2O)NC1,-8.0,695.5336260795593
597,S(=O)(=O)c1c(C)cc(-c2c(NCc3cc(C)c(Cl)c(F)c3)cc2)c(=O)nc1,-8.0,325.42460083961487
72,n1cccc2oc(CC(=O)NC)c(C3CCCN(C4CC4)S3(=O)=O)c(Cl)c2c1,-7.9,321.67536902427673
116,N1(C(NCC2=CC3=NOCCN3C2)CC(=O)OC1)Cc1ccccc1Br,-7.9,268.42458271980286
800,Cc1ccc(S(=O)(=O)N2CC3CC(Cc4ccccc4)NC3(C)C2)s1,-7.9,385.3511235713959
709,c1c2oc(NCc3cc(C)c(F)cc3)c(n(Cc3ccc(F)c(F)c3)c1)n2,-7.9,283.94969940185547
401,C1CC1c1cccc(c1)S(=O)(=O)Cc1c2c(c(C(=O)O)c(Cl)ccn2)[nH]1,-7.9,327.42813539505005
209,OC(=O)c1cc(C(O)=O)c2c(cc(F)c3c2cc2c(O)c(NS2)c(F)c3)ccc1,-7.9,419.8260488510132
346,C1CC2(CCN(S(=O)(=O)c3cc(F)ccc3)C2)c2c(ccc(F)c2C)C1,-7.9,187.99302649497983
21,c12ccc(CC(NC(=O)OC2CCOC2=O)CCCCCC2)c(C(F)(F)F)c1,-7.9,258.6376533508301
762,c1(Cc2ccc(c(C(O)=O)n2)c(-c2c(=O)[nH]ccc2)c1CC(=O)O)=O,-7.9,531.2045848369598
701,c1c2c(ccc1-c1cc3cccc(O)c3n(CCO)c1=O)c(Cl)ccc2,-7.8,343.2835192680359
379,c1c(C)c(F)ccc1-c1cccc(CNC(=O)OC2CNC(=O)C2)c1,-7.8,242.24027609825131
578,CN1C(=O)C(Cc2ccc(N4CCOC4=O)cc2)c2ccc(Cl)cc21,-7.8,246.0505747795105
62,CN1c2cc(cc(Cl)c2Cc2ccccc2)C(=O)c2ccccc2S1(=O)=O,-7.8,230.41140246391296
193,C1CC1c2c(c(C1)c(C(NC(=O)NC)C)S(=O)(=O)c1c(F)cccn2)N,-7.8,432.0907323360443
120,CS(NC(=O)C1CCC2CCCC(C1)C2=O)C(=O)NC(Cc1ccccc1)SO,-7.8,377.4221172332764
214,c1c(-c2c(C(O)=O)n(Cc3ccc(F)cc3)cc2)ccc2cnc(Cl)cc12,-7.8,303.8901336193085
56,N(C(C(=O)C)Cc1ccc(F)cc1)C(C)(C1CC1)C(Cc1sccc1)N(N)C,-7.8,395.9696054458618
9,c1cc(F)c(NC(=O)C23CCC(=O)N2c2ccccc2NC3=O)cc1Cl,-7.8,337.61944103240967
177,O=S1(=O)c2c(ccc3c2cc(F)n3C)C(=O)N1CC(Oc2ccccc2)O,-7.8,281.7162334918976
310,Fc1c(Oc2ccc(CNC)s2)c2c(c1)c(C)c(=O)n2Cc1cccc(F)c1CC,-7.8,310.72877979278564
830,c1c2oc(-c3c(F)cccc3)c3c(c2c2cc(C(=O)NCCO)ccc32)c(C)c1,-7.7,343.7535762786865
283,c1cc(Cl)c2c(c1)c(C1=Nc3ccccc3S(=O)(=O)N1)ccc2Cl,-7.7,184.3258376121521
146,c1cc(NS(c2cccc(C)c2)=O)c(S(=O)(=O)NCc2ccccc2)scc1,-7.7,298.588418006897
476,CN1c2c3c(cc(-c4c(=O)n(CCO)c(c4)cc2=O)c(NCCO)C3)CC1O,-7.7,381.5156326293945
160,C1c2c(C(=O)NS(=O)(=O)c3cc(CNC(C)(C)C)ccc3N(S(=O)(=O)C(CC)c2)C)cc(C)c1,-7.7,344.4713809490204
151,FC(F)(F)c1c2cc3c(n(CC(NC)=O)c2c1)ncc(Cc1ccccc1)C3=O,-7.7,334.2997772693634
234,c1c2oc(-c3ccc[nH]c3=O)c(-n3c(=O)c4cscc4[nH]c3=O)c2ccc1,-7.7,239.5402510166168
9,c1cc2c(c(C(=O)NC)c1)cc(N(S(=O)(=O)C)Cc1sc(N(CC2=O)C)=O)ccc1,-7.7,426.9416253566742
423,C1C(=O)NC(c2ccc(C3CS(=O)(=O)c4cc(F)ccc4C3)s2)OC1,-7.7,210.3288915157318
713,c1cc(F)c(-c2c(C(=O)O)c3c(n2CS(=O)(=O)c3ccccc3)c1)c3,-7.6,200.31483244895932
130,c1cc2c(cc1NS(c1ccc(N)cc1)c1c(C1CC1)cnc(Cl)c1C)NCO2,-7.6,361.42990589141846
107,c1cc(C2=NS(c3cc4c(cc3)C(=O)NCC4)=NCN2)sc1C(=O)O,-7.6,285.8720314502716
321,c1cc(S(=O)(NC(=O)OC2CCOCC2)C(O)CC(C)C)c2ccccc2Cc1,-7.6,391.6035799980164
681,C(=O)C1(C)C(F)(F)c2ccc(C3=Nc4c(N)cccc4SC3)cc2S1,-7.6,275.1332941055298
662,c1ccc2c(c1)N=C(C(O)=O)N2C3=NS(=O)(=O)c2ccccc23,-7.6,230.5796399116516
59,O=S1(=O)N=C(C2=CS(=O)(=O)c3cc(Cl)ccc3N2)c2ccccc2C1,-7.6,305.0436453819275
764,N1C(=O)c2ccc(-n3c(=O)sc4sc(N)cc4c3=O)cc21,-7.6,167.88366436958313
43,C(C1CC2CCCCC2C(=O)O)N1C(O)CN1CC2CC3CC(C2)CC1C3=O,-7.6,330.6751103401184
293,c1(Cl)c(Cn2cc(CCC3CCS(=O)(=O)NC3)ccc2=O)cc1Br,-7.6,240.81129956245425
392,FC(F)(F)Oc1ccc2c(OC)cc(-c3ccc4c(c3)NC(=O)C4)c(N)cc2cc1Cl,-7.6,430.2387681007385
165,N(C(C)C(Cc1ccccc1)C(=O)NC(O)CN1CCOCC1)=O,-7.6,286.2408194541931
42,C1C2CCCCC2CN(c2c3cc4cc(C5=NC=NC5)ccc4nc3ncc2)S1=O,-7.6,284.01729249954224
881,c1cc(C2=NS(=O)(=O)c3cc(C(=O)NCCO)ccc3N2)ccc1O,-7.6,332.08036398887634
618,c1ccccc(CC(Nc2cccc(C(=O)NS(=O)(=O)NC)n2)C(C)C)cc1,-7.5,321.16609358787537
646,c1cc2c(cc1C(NC(C)=O)=O)S(=O)(=O)N(CC(=O)O)C2=C1CC(Cl)cc1,-7.5,297.3553969860077
223,c1ccc2c(c1)CN(c1cccc(-c3c(F)cccc3)c1Cl)C(=O)C2Cl,-7.5,291.22641682624817
343,c1(CNc2c(C(O)=O)c(-c3cncc(N)c3)n3c(=O)cccc13)cncc2Cl,-7.5,495.0090608596802
670,c1c(-c2ccc3c(c2)NCC(C(C)(C)C)C3)c(C(=O)O)nC2cc(Cl)ncc2c1,-7.5,330.5100402832031
596,c12c(N)c(Cl)c2ncccc2c1CN(c1ccc3c(c1)CSNO3)cc2,-7.5,236.62439894676208
224,c1(N2CCC3(NC(=O)CCC3)CC2)c(CC(F)(F)F)cc1NC(=O)O,-7.5,304.4948272705078
536,c1c(C)c(CC(C(O)=O)C(O)CC(O)CN2CCCNC2=O)c(-c2ccccc2)cc1,-7.5,521.6093134880066
77,c1(C(=O)N2C[C@H](Cc3cc(N)ncc3)C2)cccc(-c2c(C)c(CO)c2)c1,-7.5,427.148267030716
452,c1cccc(-c2cc3c(c(NC4CC4)n2)C(C)=CS(=O)(=O)N3)c1Br,-7.5,251.3848662376404
57,c1cc(F)cc2c(-c3c(O)cc(F)cc3)n(Cc3ccc[nH]c3=O)cc12,-7.5,312.94540572166443
633,Fc1ccc(-c2cc3c(c(-n4cc(C)c(C)n4)c2)cc3)cc1Cl,-7.5,210.87007117271423
482,c1(-c2cc3ccc(Cl)cc3n(Cc3ccccc3)c2=O)c(C(=O)O)C(O)s1,-7.5,383.3707826137543
426,c12c(cc(-c3cc4c[nH]cc4cc3)c(F)c(-c3ccc[nH]c3=O)c2)ccc1Cl,-7.5,478.0623643398285
801,c1ccc2oc(NC(c3ccccc3)NC(O)=O)c(C(O)=O)cc2cc1Br,-7.5,385.1896641254425
628,CNc1c2cc(C3=NS(=O)(=O)c4c(=O)[nH]ccc4N3C(=O)NC)c2c1,-7.5,278.54039669036865
389,C1C(C)CC(c2cc3c(cc2)NCCO3)N(S(=O)(=O)c2c(cccc2)C)C1,-7.5,313.9120845794678
734,OC(Cc1ccc(F)cc1)CN1CCN(c2ccc(F)cc2)C(=O)C1=O,-7.5,320.28689908981323
761,C1C2CCOC2c2c(N4CCC5(CC4)CCNC5=O)ccc(Cl)c21,-7.5,340.94991755485535
848,O=S(=O)(C)c1cc(-c2c(N)cc(-c3ccc[nH]c3=O)cc2)ccc1O,-7.5,385.4178645610809
265,C1NC(c2c(NS(=O)(=O)c3ccccc3)c3c(cc2)cccc3)NC1=O,-7.5,281.9361963272095
203,c12ccc(N)c(S(=O)(=O)O)c2c(-c3c(F)cccc3)cc(Cl)cc3N1ccc3,-7.4,448.7448332309723
333,C12CC(CC(O)=C(NS(=O)(=O)N1)N(Cc1ccccc1)CC(=O)NC2=O)=O,-7.4,245.32593536376956
268,c1cc(C2=Nc3ncc(C)cc3C(O)C2)ccc1Oc1ccc(C(=O)O)s1,-7.4,342.37968492507935
236,O1C2CCC(C1)N(c1cc(-c3cccc(F)c3)ns1)C(=O)C2=O,-7.4,231.90241646766663
535,c1ccc(-c2c3cc(Cl)ccc3c3c(=O)[nH]cc23)cc1CCC(=O)O,-7.4,264.2288157939911
231,O=S1(=O)c2cc(O)ccc2S(=O)(=O)N1c1c3cc(Cl)ccc3n(C)c1,-7.4,215.3101544380188
148,O=S1(=O)c2ccccc2CN(S(=O)(=O)c2ccc(F)cc2)C(=O)Nc1CNF,-7.4,324.24841141700745
498,CC1CCC(CC1)NC(=O)c1c2c(cccc2F)c(-c2ccc(F)cc2)S1,-7.4,230.6434142589569
184,c1(N2CCC3(C(=O)NCC3)CC2)c(Cl)c2oc(-c4ccc(F)cc4)cc2(O)c1Cl,-7.4,294.41340255737305
162,C1C2(CCN1c1ccnc(N(Cc3ccc(F)cc3)C)n1)CCC(=O)O2,-7.4,254.63488745689392
0,Nc1[CH]ncc1-c1ccc(C2=NS(=O)(=O)c3c(O)c(Cl)ccc3N2)s1,-7.4,180.0170381069183
637,N1ccc(CCC(=O)O)c2c(c1)c(C)cc(Cl)c2-c1ccccc1,-7.4,263.00613498687744
48,c1cc(-c2c(C(O)=O)n[nH]c2C(O)=O)sc1NC(=O)c1ccc(F)cccc1,-7.4,440.65441250801086
636,OC(=O)C1CCN(c2cc(C(NC)=O)cc(-c3ccc(Cl)cc3)c2)CC1,-7.4,339.001113653183
147,c1c2oc(-c3c(F)cccc3)c3cccc(c23)c1C(=O)OCc1ccccc1,-7.4,259.0726387500763
773,c1cccc(CC(NS(=O)(=O)c2ccc(C(F)(F)F)cc2)=O)ccc1,-7.4,272.5039668083191
698,c1cc(C)ccc1CN1c2ccccc2CCC(C(=O)O)C1CCC(=O)O,-7.4,362.2495217323303
155,c1(F)c3c(cc(C(F)(F)F)cc3)ncc1CC(=O)N1CCNCC1=O,-7.4,245.7864375114441
750,c1cc(Oc2cc(C(NC)=O)ncc2)cc2c1cc(C1CC1)c(NC(=O)F)n2,-7.3,334.3272614479065
87,c1ccc2c(-c3c(F)cccc3)c(C)n(Cc3ccc[nH]c3=O)c2c1Cl,-7.3,281.09130930900574
54,c1(S(=O)(=O)c2ccc(-c3c(=O)[nH]cc(C)c3)cc2)cc(Cl)c1,-7.3,218.50294852256772
613,C1C2CCC(N(Cc3c(F)cccc3)C2=O)N1CC(=O)Nc1ccccc1Cl,-7.3,287.1690402030945
406,c1cc(Oc2ccc(S(=O)(=O)NC)cc2)c2c(ncc(Cl)c2)c1,-7.3,227.4079885482788
404,O1C2CC(C)(C(CCN(C)O)CC2)OCc2c(F)cccc21,-7.3,247.1796290874481
128,c1cc(Oc2c(CC(=O)O)cccc2)cc2c(c1)c(Cl)c(C(=O)O)n2,-7.3,323.4771058559418
639,c1(F)c(S(=O)(=O)Nc2c(=O)[nH]c3cccc(F)c3c2C(=O)O)cccc1,-7.3,334.40754437446594
758,O=C(NC1c2ccccc2CC1Cc1c(F)cccc1)Nc1ccccc1,-7.3,322.15436029434204
754,C1C(=O)Nc2c1cccc2Cn1c(=O)[C@]c(=O)c2ccccc21,-7.3,202.80490589141849
495,c1(-n2c3c(=O)[nH]ccc31)c1cc(C2CC2)cccc1N2c1cccc(Cl)c1,-7.3,343.6838722229004
245,O=C(O)c1c(C2CC2)c(CC(=O)N2C[C@](C)C[nH](C)C2=O)ccc1,-7.3,302.8613286018372
712,N1(c2ccccc2O)CC2(CCC(=O)N2)CC1C1CC2CCC1C2=O,-7.3,298.51609110832214
440,O1C2CCC(C2)Nc2cc(NC3CCN(c4ccc(F)cc4Cl)CC3)ccc12,-7.3,302.3421411514282
522,C(=CN(Cc1ccccc1)c1ccc2c(c1)c(C1=O)c(Cl)cc2)CC1,-7.3,189.3657333850861
692,Cc1cc(ccc1F)Nc1c(F)cccc1C(=O)OCc1ccc(cc1)O,-7.3,292.7903573513031
572,c1cccc(OC)c1C(=O)N(NC(=O)c1ccccc1)CC(=O)Nc1ccccc1,-7.3,339.2161371707916
561,c1cc2oc(-c3sc(C)c(C(F)(F)F)n3)cc2c(=O)n1CC1CCCC1,-7.3,269.38926935195923
108,c1(CN2C(=O)OCC2)c2cc(C(=O)Nc3c(F)cccc3)ccc2c1C(=O)N,-7.3,351.61763310432434
18,c1c(-c2ccc(C(O)=Nc3cc4c(cc3)NC(=O)C4)s2)cccc1,-7.3,267.7067511081696
556,C1(c2cc(Cl)c(NC(=O)C3CCC(=O)NC3)cc2)CCOC1,-7.3,291.610378742218
900,C(N2C(=O)CC3(CCNC3=O)c3ccccc23)Cc1c(=O)[NH]ccc1,-7.3,226.2924153804779
115,c1ccc(-n2c3cc(Cl)c(C(=O)NC(C)(C)C)cc3cc2C(=O)OC)c(F)c1,-7.2,334.4769101142884
358,O(CC12CC3CC(C1)CC(C2)CC(C(O)=O)(C3)CC2)C2(F)F,-7.2,156.4209086894989
352,c1cccc(-c2cc(NS(=O)(=O)c3ccc(C)cc3C)ncc2)c1Cl,-7.2,284.3996138572693
641,FC(F)(F)c1ccc2c(c1)c(-c1ccc[nH]c1=O)cc(=O)[nH]2,-7.2,179.07721877098083
225,CC1C(=O)NCc2c(ccc(-c3c(=O)[nH]ccc3)c2)C1=O,-7.2,155.87932181358337
239,c1cc(Oc2ccc3c(n[nH]c3NC(=O)C3CCNC3=O)c2)ccn1,-7.2,295.1034028530121
30,c1c(C)cc(Cn2c(C#CCO)c(-c3ccc[nH]c3=O)c3ccccc32)cc1,-7.2,327.0690748691559
899,c1ccc(-c2ccc3c(c2)CS(=O)(=O)N3c2ccc(O)s2)cc1Br,-7.2,233.20588326454163
101,Fc1cc2c(C3=CC=CCC3)c(-c3ccc[nH]c3=O)sc2cc1N1C[N]1,-7.2,266.00577211380005
86,c1ccc2c(c1)S(NC(c1cccc(F)c1)=CC(O)=O)OS2(=O)=O,-7.2,274.7515320777893
814,c1(N2CCC3c4ccccc4CC(O)CC3C2)c(C(=O)O)cc1Cl,-7.2,448.4702298641205
359,B1CCCCCC1Cc1ccc(C(O)=O)s1,-7.2,0.0594954490661621
679,c1c(S(=O)(=O)N2C[C@H](C)C[CH]c2=O)ccc(-c2ccccc2)c1,-7.2,224.6523635387421
463,c1cc(CC)c2c(c1)NC(=O)Cn1nc(C(=O)C3C(OC)CC3)c3c(C(F)c2c3N)N1,-7.2,392.0547180175781
609,c1cc(-c2c(N)n(C)cc(Cl)c2=O)ccc1NC(=O)c1ccc[nH]1,-7.2,313.094074010849
200,O=S1(=O)CCCNc2ccc3ccc(Cl)c(C)c3c21,-7.2,222.9498620033264
685,C12CC(CCN(c3c(F)cccc3)C2=O)N=CC1CC(O)=O,-7.2,243.11384844779968
576,c1c(N)c(Nc2ccc(F)cc2)c(F)c(CN2CCOCC2)c1C(C(NC)=O)N,-7.2,456.3120887279511
538,OC(=O)OCc1ccc2c(c1)B1OCc2c(cccc2)CN21,-7.2,0.0578701496124267
537,c1(N2CCC3(C(=O)NC4CCCC4)S(=O)(=O)NC(=O)N3C2)ccc1Cl,-7.2,285.9805362224579
696,c1ccc2ccc(NC(C[C@](O)=O)(C)C)c(CCc3ccccc3)c2c1Cl,-7.2,313.7936387062073
197,c1ccc2c(c1)S(=O)(=O)Cc1c(C(=O)O)n(Cc3c(F)cccc3)ccc1n2,-7.2,365.7699325084686
115,c1ccc2c(c1)C(c1ccncn1)c1cc(NC3CCC3)nc(C(F)(F)F)c1C2,-7.2,358.5085964202881
520,c1cc(Oc2cc(C(O)=O)cc(C(=O)NC)c2)ccc1NC(=O)c1ccccc1,-7.2,442.7186920642853
176,c1(O)cc(Cc2c3c(n(CCO)c2-c2ccc(C(=O)O)cc2)cc3)ccc1,-7.2,423.9996740818024
177,c12c(NC(=O)Oc3cc(N)c(N)cn3)cc(-c3ccc(F)cc3)sc1c2,-7.2,357.3568592071533
472,CN1C(=O)CCc2(CCN(S(=O)(=O)CCC)CC2)Cc2cc(F)ccc21,-7.2,253.749498128891
470,N1C(=O)CCN(C(C)(C)C)C(=O)c2ccc(-c3c(F)cccc3)cc21,-7.2,270.7826316356659
469,c1c(-c2c(Cl)cc(F)cc2)c3ccccc3n1Cc1ccccc1Cl,-7.2,244.15558791160583
464,c1cc(NC(c2ccccc2)=O)c2c(c1)S(=O)(=O)C=CS2(=O)=O,-7.2,181.0310776233673
491,O=C(c1cc(c(-c2cc(-c3ccc(F)cc3)ccc2)s1)O)O,-7.2,237.9977900981903
291,O=C(NN(c1ccc(C)cc1)C1CCC23CC2CCN3C(CCNC3=O)Cl)C3Cc1,-7.2,245.35879397392276
166,O1C2CCC(C2)NC1c1ccc2oc(-c3ccccc3F)c(CO)c2c1Cl,-7.1,369.6963572502136
150,c1c(N2CCN(C(O)C3CCCCC3)CC2)cccc1CC14CC1C4,-7.1,342.4823155403137
139,Fc1cc(-c2ncc(C(=O)O)s2)ccc1-c1ccccc1Cl,-7.1,276.6625373363495
145,CC(C)(O)c1sc(-c2ccc(CNC(=O)Nc3ccccc3)cc2)nc1,-7.1,351.3735196590424
255,S1OC(Nc2cc(CC(=O)O)cc(CC)c2-c2ccc(F)cc2)OS(F)c(=O)O1,-7.1,436.07202219963074
158,c1ccc2c(c1)cc(CN(c1ccccc1)c1sccc1C(=O)O)scc2,-7.1,291.481192111969
233,CN1CCC(CN2C[C@H](Cc3c(F)ccc(F)c3)C[C@]c2=O)CC1=O,-7.1,236.33811831474304
256,c1cc(-c2ccccn2)ccc1CN1C(C(=O)O)Cc2c(Cl)cccc21,-7.1,341.20772552490234
82,c1ccccc1C(=C)Nc1ccc(S(c2ncc(C(F)(F)F)s2)=O)cc1,-7.1,275.8532016277313
281,N(C(c1cc(-c2ccccc2)cc(N)c1C(Cc1ccc(C(NC)=O)o1)NC)O)N(CC),-7.1,511.9424154758453
828,C1C(CCCC)Oc2ccccc2C(C(F)(F)F)N(Cc2ccccc2)C1,-7.1,251.27261924743647
49,c1cc2oc(NC(c3ccc(Br)cc3)(N)C(=O)O)cc2cc1Cl,-7.1,293.94757318496704
606,c12ccc(nc1N1CCC3(CC2)N(S2CCOCC2)C(=O)CC3)CC1=O,-7.1,142.2427167892456
583,CC1(c2cc(C(=O)NC)c3c(oc2-c2ccccc2)CS(=O)(=O)C3=O)c(F)Cc1,-7.1,378.5666091442108
509,c1(N2C(=O)N(Cc3ccn(C)c3)CC2)c2c(cccc2)c1Cl,-7.1,174.05723023414612
494,Fc1(C(Nc2c(C)cccc2)=O)N(Cc2c(C)c(=O)n(Cc3ccccc3)cc2)nccc1,-7.1,472.8645129203797
490,N1C(=O)C(C(O)=O)N(c2c(F)ncc(-c3ccc(F)cc3)c2)C1=O,-7.1,289.070848941803
473,O1CN(c2nc3c(s2)c(-c2ccccc2)ccc3)C[C@]1,-7.1,157.89176726341248
760,[nH]1c(CN2CCOS(=O)(=O)CC2)c(-c2ccncc2)c(-c2cccc(F)cc(C)c2)c1,-7.1,339.43865633010864
806,c1cc(F)ccc1CN1CCN(c2ccccn2)CC1Cc1ccccc1,-7.1,254.14604997634888
429,c1(-c2c(Cl)ccc(O)c2)c2nc(-c3ccc[nH]c3=O)ccc1c2Cl,-7.1,307.1656351089477
410,c1cccc(-c2cc(NC(c3ccc[nH]c3=O)CC3CC3)c(C(=O)O)s2)c1,-7.1,313.8186414241791
842,c1cc(Oc2cc3c(cc2)N(CC(=O)O)CCCC3)cc(C(=O)O)c1,-7.1,328.9501700401306
850,c1cc(F)ccc1CN1C(=O)CN(c2ccc([nH]c2=O)CC2CC2)CC1=O,-7.1,307.71234679222107
856,c1cc(Oc2ccc(C(O)=O)cc2)ccc1Nc1ccccc1CCO,-7.1,390.7899880409241
867,c1(N)c2c(ccc3ccc(F)cc3c2c2ccc(C(=O)O)cc2)s1,-7.1,281.99943256378174
888,C1CCCC(c2cc3c(cc2)N(S(=O)(=O)c2ccc(F)cc2)N3)CC1=O,-7.1,308.4642994403839
895,c1cc(F)c2cc(-c3ccccc3)c(N4CCC5(CC4)CCC5=O)nc2c1Cl,-7.1,325.8208513259888
351,Fc1ccc2c(Oc3ccc(Cl)c(C(=O)O)c3)c(Cl)ccc2c1Cl,-7.1,260.09778475761414
326,c1cc(CN2CCC3(NC(=O)C4CC4)CCC(O)C3C2)ccc1C(=O)O,-7.1,395.9244120121002
25,Cc1c2c(c(cccc2CNC(=O)C(Cc2ccc(O)cc2)NC(=O)C3C)s3)S1,-7.1,284.7592761516571
319,C1C(CCn2c(C(F)(F)F)nc3c(c2C(=O)NC)cc(-c2ccccc2)c3)CC1,-7.1,308.98819065093994
35,O=C1c2ccc(C(O)=O)cc2S(=O)(=O)N1C(=O)c1ccc(F)cc1,-7.1,296.0404236316681
47,N1c2c(c(C3=CSc4c(Cl)cccc4CC3)c1)ccc(C(O)=O)c2,-7.1,240.1998598575592
308,c1cc(F)ccc1CN1C2(CCN(c3c(F)cccc3)C2=O)CC1=O,-7.1,241.9109570980072
55,c12c(csc1-c1cc(C(=O)NC)c(Cl)cc1)C(=O)N2c1ccccc1,-7.1,307.7471213340759
627,O=C(CC1(O)CCC(C)CC1)N1C(=O)CN(CC2=CCCCC2)CC1=O,-7.1,323.6004605293274
187,c12c(ccc1)c(C(=O)NC1c3ccccc3CC1O)C(=O)N2c1ccccc1,-7.1,371.6884777545929
113,CNC(=O)c1ccc2c(CC)c(cc(C(=O)NCCO)n2C)s1,-7.1,287.84103560447693
108,c1(F)cc(CCC2(NC(=O)Nc3ccc(F)cc3)COC2)c1,-7.1,235.24118542671204
38,c1ccn(Cc2c(C(O)=O)nccc2)c1NC(=O)c1ccc(C)c(F)c1,-7.1,294.7479462623596
31,c1(C)cc(-c2sc3c(c2C(CO)=O)ccc(C(=O)O)c3)c1C(C(=O)O)O,-7.1,487.4765419960022
290,c1cc(NS(c2ccc(F)cc2)C(O)C(CCc2ccccc2)O)on1,-7.0,340.6923134326935
552,O=C(c1cccc(Oc2ccc(NC(c3ccc(=O)[nH]c3)=O)cc2)c1)O,-7.0,350.27721786499023
680,C1CCc2c(ccc(F)c2CNC(=O)Nc2cc3scc(N)c3cc2)C1,-7.0,345.52845644950867
879,c1cc(-c2nccc3c(O)cc(F)cc23)c(C(=O)O)c(NCCC(F)(F)F)c1,-7.0,371.549880027771
128,C1CN(Cc2cc3c(c(-c4ccccc4)c2)CS(=O)(=O)OC3)CC(C)N1,-7.0,283.8726749420166
738,c1cc2occ(F)c2cc1Cn1c3cc(C)c(F)c(Cl)c3sc1=O,-7.0,214.52498722076416
29,c1(Sc2ccc(C(=O)NC)nc2)c(CN2C(=O)C3=C(C)CNC32)c(N(Br)F)c1,-7.0,325.49753046035767
455,Fc1c2c(cc(N4CCC5(CC4)CCNC5=O)cc2)c(N1)Br,-7.0,163.07173323631287
325,c1cccc(CC(NC(=O)N2C[C@]([nH]2)C(CCC(=O)OC)=O)c1Br)Cl,-7.0,259.1175148487091
755,N1ccc(Cl)c2c(c1)NC(=O)Cn(Cc1ccc(F)cc1)S2=O,-7.0,193.93435549736023
105,c1cc(-c2c3sc(-c4ccccc4)nc3n(Cc3ccnc(N)c3)c2C(O)=O)c1,-7.0,421.52180004119873
523,c1c(OCC(F)(F)F)cc2oc(-c3c(F)cccc3)cc(NC(=O)CO)c12,-7.0,370.7727737426758
124,c1c(C)cc(CNC(=O)OC23CC4CC(CC(C4)C2)C3)cc1C(O)=O,-7.0,260.5608687400818
694,c1c(C)cccc1S(N(CC(C)C)C(=O)c2ccc[nH]c2=O)c1ccccc1,-7.0,303.11971855163574
534,c1c(C(NC(=O)Nc2ccc(C(N)=O)cc2)CCC(=O)Nc2ccccc2)cn1,-7.0,329.0177466869354
311,O1C(CC)CCC1Cc1c(=O)nc(N)[nH]c1NC(Cc1ccccc1)=O,-7.0,316.0017776489258
532,c1c(C(C(F)(F)F)=O)c(C2=Nc3ccccc3S(=O)(=O)C2)ccc1,-7.0,227.8179030418396
682,O=C(O)c1scc(-c2c(-c3cc(N)ncc3)c3cc(F)ccc3n2C)c1,-7.0,339.22626662254333
91,OCc1ccc2c(Oc3c(F)cccc3)cc(=O)n(Cc3ccc(F)cc3)c2c1Cl,-7.0,421.2931680679321
477,c1cc2c(cc1Nc1c3c(ccc(Cl)c3c(cc1F)Br)Br)CC2,-7.0,207.05420565605164
174,C(c1cc(Cl)cc2ccc(NS(=O)(C)=O)cc12)c1ccccc1,-7.0,227.7303416728973
273,c1(N2CCC3(N(CCO)CCO3)CC2)cc(-c2c(=O)n(Cc3ccccc3)c2N)[nH]c1,-7.0,507.760820388794
54,c1(Cn2s(CC(O)=O)CN(c3cc(Cl)cc(C)c3)CC2)ccc1,-7.0,251.37700843811035
170,c1cc(Oc2cc(C(=O)O)cc(CC(NC)=O)c2)ccc1NC(C)=O,-7.0,336.50278544425964
377,c1(F)ccc1CN1CCNC(=O)CC1C(=O)NC(=O)Nc2ccccc2CC(F)F,-7.0,509.8301467895508
581,c1c(Oc2ccc(C(O)=O)cc2)cc(Cl)cc1-c1ccccc1,-7.0,263.7337963581085
665,c1c(S(=O)(=O)O)cccc1NS(=O)(=O)c1ccc(C)cc1O,-7.0,266.9825258255005
59,c1c(C)c(F)cc2c(-c3ccccc3)c(C(=O)O)n(Cc3ccc(F)cc3)c12,-7.0,344.44494891166687
838,C1(O)CN(c2cc(N)c3c(Cl)c(C(NC)=O)ncc3c2)CC(C)CC1,-7.0,238.9831454753876
280,c1ccccc1C(c1ccc3c(c1)cc(C(=O)O)cc3)Nc1ccccc1,-7.0,331.98415637016296
794,c1c(NC(=O)OC2CCOC2)cc(C(=O)OCc2cccc(C)c2)cc1Cl,-7.0,267.36139154434204
282,c1cc(Oc2cc(C(NC)=O)ncc2)ccc1NC(=O)Nc1c(F)cccc1,-7.0,306.7504949569702
778,Fc1cc(CC(F)(F)F)ccc1Cn1nc(-c2c(C)c(O)ccc2F)ccc1=O,-7.0,439.15792965888977
503,CC(C)CCN(CCO)C(=O)C(N)c1ccc(-c2cc(CNC(O)=O)ccc2)cc1,-7.0,515.0819821357727
72,FC(F)(F)c1cc(Cl)c2c(c1)c(-c1c(=O)[nH]cc(Cl)c1)sc2,-7.0,135.3961808681488
421,c1cc(Oc2ccc(NC(=O)C)cc2)ccc1Cn1scnc1=O,-7.0,278.4923641681671
142,c1c(-c2cc(N3CCC4(CC3)CSCC4)c(C(O)=O)cc2)cccc1,-7.0,297.1637191772461
286,c1cc2c(cc1NC(NC(=O)OC)OCC2)NC(c1ccccc1Cl)=O,-6.9,347.42830061912537
34,CS(=O)(=O)NC(Cc1ccccc1)c1cc(Oc2ccccc2)s(F)cc1,-6.9,292.85085797309875
52,Fc1ccc(-c2c(CC(Cc3ccccc3)c3ccccc3)[nH]cc2C(=O)O)s1,-6.9,353.7304491996765
390,c1ccc(CC(NC(=O)OC23CC4CC(C2)CC(C)(C4)C3)=O)cc1Br,-6.9,272.3513526916504
661,c1c(N)ccc2c(Cl)c(C3=CC(=O)N(CCO)C3)c(Cl)cc12,-6.9,267.08547830581665
669,c1cc2c(cc1C(=O)N(Cc1ccc[nH]1)c1ccc(C)cc1)CCC2=O,-6.9,258.44539046287537
499,C(c1cc(F)cc(C(O)=O)c1)c1ccc(N)c(F)c1C1CC1,-6.9,262.45522594451904
894,OC(Cc1cc(-c2ccc[nH]2)ccc1)Cc1c(O)c(Cc2ccccc2)on1,-6.9,372.4650437831879
10,c1(Cl)c(C(O)=CS(=O)(=O)c2cc(Cl)ccc2)c(C2CC2)c1Cl,-6.9,274.7504093647003
579,c1cc(Cn2c(=O)c(-c3c(F)cccc3)ccc(C(NC)=O)c2=O)ccn1,-6.9,356.2373173236847
810,Cc1ccc(CC(=O)Nc2cc(-c3ccc(C)s3)sc2C(=O)O)s1,-6.9,265.97772908210754
822,O1C(=O)NC(C(O)=O)(C(c2cccc(O)c2)Cc2ccccc2)CC1,-6.9,368.5407481193543
375,CNC(=O)c1ccc(S(=O)(=O)Nc2ccc(C(O)=O)cc2)cc1,-6.9,275.2870163917541
399,FC(F)(F)c1ccc(CNc2ccc3nc(C(F)(F)F)ccc3c2)s1,-6.9,265.2121796607971
143,O=C(CC(O)(c1ccccc1)c1ccccc1)NC(=O)N1CCNCC1,-6.9,323.61398220062256
790,c1(Cc2c(-c3c(=O)[nH]ccc3)c(CO)ncc2)oc1-c1ccncc1,-6.9,329.8242516517639
150,O=C(c1ccc2c(Oc3ccc(Br)cc3)cc2c1)O,-6.9,209.90680742263797
776,FC(F)(F)c1cnc(NS(c2ccc(C)c(N)c2)=O)cc1C(F)(F)F,-6.9,334.0692706108093
45,Fc1cccc2c(-c3ccc(F)cc3)ccc(C(O)=O)c12,-6.9,191.65645933151245
697,c1ccc2c(-c3ccc(C(O)=O)cc3)n(Cc3ccn(C)c3)c(NC)c2c1Cl,-6.9,326.6781327724457
857,c1cccc(Cn2c3nc(-c4c(Br)cccc4)ccc3cc2)c1,-6.9,228.23686456680295
432,C1C(c2c(N(S(=O)(=O)c3ccc(C)c(C)c3)c3cccc(Cl)c3C2)N)N1,-6.9,389.9351789951325
749,c1cccc(-c2cc(NC(=O)C3CCCC3)ccc2)c1Cl,-6.9,204.8694696426392
136,O=C(c1c(-c2ccccc2)oc2c(C(F)(F)F)cccc12)O,-6.9,242.12021470069885
733,C12C(C(Nc3cccc(C(O)=O)c3)N(CC(C)C)CC2CCO)NC1=O,-6.9,396.7181031703949
158,c1ccc(-c2c(C(O)=O)n(Cc3ccccc3)c3c2SC(=O)C3)cc1Br,-6.9,306.15513849258423
725,c1cc2c(cc1)NC(=O)OC(Cc1ccc(NC)c(N)c1)NC2=O,-6.9,285.1633219718933
60,c1c2sc(-c3c(F)c(C(=O)O)cc(C(F)(F)F)c3)cc2ccc1,-6.9,231.5427703857422
707,N1(c2c(C)cc(NC(=O)C3CCCCC3)cc2)S(=O)(=O)c2sccc21,-6.9,304.5623061656952
133,c1cccc(-C2CC3(CCN(C(=O)NCCO)CC3)CC2)c1Br,-6.9,260.06049489974976
37,c1cc2c(cc1Cc1c(C(=O)O)c(C(O)=O)ncc1)ccc(Cl)c2Cl,-6.9,326.06016087532043
345,c1(-c2c(F)ccc(Cl)c2)c(Cn2c3c(cccc3c2=O)Br)cc1,-6.9,239.49539184570312
61,B(C)c1ccc(F)c(COC(C)(C)C)c1Cl,-6.9,0.0637927055358886
384,N(C(=O)c1cc(-c2c(=O)[nH]c(NC3CCC(C)CC3)cc2)sc1S(=O)CC)C,-6.9,299.7937362194061
545,c1cc(N(C)C)cc(S(=O)(=O)Nc2c(C(NC)=O)ccc(C(F)(F)F)c2CCO)c1,-6.9,377.4975907802582
79,CS(=O)(=O)N1CCC2OC(c3ccccc3)CC(C)(O)C2C1C,-6.9,256.30038690567017
643,c1cc(-c2c(C(O)=O)c3c(n2C)cc(C(=O)NC2CCC2)cc3)ccc1,-6.9,335.55759143829346
112,O=C(NNc1ccc(Oc2ccc(C)cc2C)cc1)c1ccccc1,-6.9,281.6346318721771
250,C1C(NC(Nc2cccc(Br)c2)CC(=O)NC)=NS(=O)(=O)c1,-6.9,231.31833577156067
192,N1C(=O)C(Cc2ccc(F)cc2)Nc2ccccc2C1=O,-6.9,203.6688904762268
595,c1c2oc(-c3ccccc3)cc2c(OCC(=O)N)c(CC(=O)O)c1,-6.9,258.3859107494354
95,C(c1ccc(Cl)cc1)c1nn(Cc2ccnc(O)c2)c(C(O)CC(=O)O)c1,-6.9,486.2203717231751
7,C1CCCC(S(=O)(=O)NC2c3c(cccc3)OC(CC)(C(=O)N)C2)C1,-6.9,291.0813958644867
217,c1ccc(-c2cc3c(cc2C(F)(F)F)c(C(=O)O)cc3=O)cc1Br,-6.9,315.6232895851135
10,C1CCC2(CN1)c1ccccc1C(C)(C1CC1)C(=O)OC2=O,-6.9,176.36457419395447
640,c1(C)Sc2cc(F)cc(CNC(=O)C3CCCCC3)c2ccc1,-6.9,216.24688506126404
175,O=C(NC(Cc1ccc(-c2cccc(O)c2)cc1C(C)C)O)c1ccccc1C,-6.9,364.5686185359955
600,FC(F)(F)c1cc(N)c(CC(CCC(=O)Nc2scnc2)=O)cc1,-6.9,278.6455752849579
638,C1CCCC(Oc2nc3ncc(C4CC4)nc3s2)C1NS(C)(=O)=O,-6.9,237.8662965297699
248,C1CN(SC2=CS(=O)(=O)c3cc(C4CC4)ccc3N2)CC(=O)C1,-6.9,238.64450430870056
151,c1(F)cc(Cn2c3cc(F)c(F)cc3c(=O)n(CC)c2=O)ccccc1,-6.9,273.89318919181824
179,CCc1sc(-c2ccccc2F)cc1C(=O)NCc1cccc(OC)c1,-6.9,253.44997334480288
541,c1ccc2c(-c3cncc(C(C)(C)O)c3)n[NH]c2c1C(O)=O,-6.9,192.21059322357175
113,Nc1cc2oc(CO)c(-c3ccc(C(F)(F)F)cc3)c2cc1,-6.9,239.96763062477112
652,O1CC2CCCC(c3c(N(S(C)(=O)=O))CCCCC3)C2S1(=O)=O,-6.9,223.00837993621823
515,c1cc(Oc2cc(-c3cc(N(CC)C)cc(C)c3)ccc2)sc1C(O)=O,-6.9,316.1808943748474
66,c1(Cc2c(C(=O)NC)c(F)ccc2)cc(C2=Nc3ccc(F)cc3N2)c1Cl,-6.9,298.2175772190094
96,c1(Oc2ccc(Cl)c(Cl)c2)c(-c3c(=O)[nH]ccc3)cc1,-6.9,202.70910930633545
619,c1cccc(Cn2c3c(ccc2(C(=O)O)CC(O)=NC(O)=O)O3)c1Br,-6.9,421.2074751853943
625,CC(C)c1cc2c(=O)[nH]c(-c3ccc[nH]c3=O)c(-c3ccccc3)c2n1C,-6.9,354.5559482574463
242,C1C(C2=C(C(O)=O)[C@H](C(=O)Nc3cc(N)cc(Cl)c3)CS2)=CCCCC1,-6.9,394.78977251052856
68,C(F)(F)(F)c1cc2c(cc1)NCC(OC(=O)NC(C)(C)C)CC2=O,-6.9,251.02426838874817
69,c1c(-c2c(F)cccc2)c(C(O)=O)cc(C#CC2CCC2)c1C(=O)O,-6.9,337.9272334575653
167,C1(c2ccc(Cl)cc2)C(=O)OC2(CN(c3ccccc3)CC2)c1,-6.9,186.15206336975095
342,CNC(=O)c1ccccc1NC(c1cc(C(F)(F)F)ccc1Br)=O,-6.8,257.6297035217285
612,c1ccc(-c2cn3c(=O)cc(Cl)c(C(=O)O)cc3n2)cc1Br,-6.8,254.81984758377075
339,c1ccc(Oc2c(C(CC)(C)C)c3ccc(C(=O)O)cc3[nH]c2=O)cc1Br,-6.8,323.24450302124023
620,c1c(C(C)=O)cc(CC(=O)Nc2ccc(F)c(C(=O)NC)c2)c2cccccc21F,-6.8,318.7116038799286
772,CN1c2cccc3c2CN(S(=O)(=O)NC1=O)CCC3=O,-6.8,235.41071891784668
745,c1cc2c(c(CC(F)(F)F)c1)NC(=O)OC2c1cc(NC)ccc1,-6.8,266.7160053253174
155,O=S1(=O)N(C)C(C2=NS(=O)(=O)c3c(Cl)cccc32)=C(O)c1,-6.8,185.12085914611816
622,Fc1ccc(-c2cc(N(CCO)C)cn(C)c2=O)cc1C(=O)Nc1ccccc(F)cc1,-6.8,449.9789085388184
862,C1(C)n2c(C3CCCCC3)cc(-c3ccccc3F)c(c1=O)NC2=O,-6.8,289.2282440662384
752,FC(F)(F)c1cc(NS(=O)(=O)c2ccc(Cl)cc2)ncc1C(=O)O,-6.8,300.7815418243408
624,c1(N)=CcOcc2c(-c3ccccc3)c(Cl)nccc2C1=O,-6.8,218.35897493362427
422,c1cc(F)ccc1CNC(=O)C1CC2CCCC(C1)C2=O,-6.8,188.66372680664065
817,Fc1cc(Oc2c(Br)ccc(C(=O)NC)c2)cc2c1CNCC2,-6.8,232.79407477378845
818,N1CCCC2(CC1)CC(C(F)(F)F)=Cc1c(C4CC4)cc(Cl)cc12,-6.8,213.50488448143005
1,c1(C)c2c(C(NC(OC)=O)C(O)=O)c(cccc2)c(NC(=O)N)c1,-6.8,340.2995743751526
396,c1cc(Oc2c(C(=O)O)oc3sc(C4CC4)cc23)ccc1C(O)=O,-6.8,314.2574667930603
168,c1(CN2CC(CCC(=O)O)(c3ccc(Cl)cc3)CN2)CCccc1Cl,-6.8,288.85647344589233
376,O=S1(=O)C(Cc2ccc(F)cc2)Nc2ccccc21,-6.8,170.10939836502075
189,c1cc(CC(NC(c2ccccc2)C(=O)Nc2ccccn2)=O)ccc1Cl,-6.8,307.8470389842987
403,Fc1cccc(-c2c(C(=O)NC)n(Cc3ccn4cncc4c3)cc2)c1,-6.8,269.41016244888306
859,c1(CN(c2cc3c(cc2C3)ccc1)C(=O)O)c1ccncc1,-6.8,165.9669966697693
5,C1OCC2CCC(CCNS(=O)(=O)c3c(=O)n(C)ccc3)CC2C1=O,-6.8,245.3889446258545
408,CS(=O)(=O)N(Cc1ccccc1)C(=O)c1cc(F)c(CNS(=O)(F)F)cc1,-6.8,329.0464930534363
364,Cc1ccc(cc1)S(=O)(=O)C(=O)Nc1c(F)c(F)ccc1C(=O)O,-6.8,293.4227204322815
593,c1cc(Oc2ccc(CC(C(=O)O)NS(=O)(=O)C)cc2)ccc1Cl,-6.8,294.9983787536621
849,CNC(=O)c1cc(ccc1NS(C)(=O)=O)c1ccccc1,-6.8,217.77694749832156
361,C1C2CCC(c3c(N4CCC5(CC4)CCNC5=O)CC3)CC2CC1Cl,-6.8,231.08297181129456
451,c1(S(=O)(=O)Nc2cc(N)ccc2)cc(-c2ccccc2)c1C(O)=O,-6.8,427.87699007987976
774,FC(F)(F)C(=NC(=O)NC(C(C)C)C(Cc3c(C)ccc(F)c3)N)O,-6.8,385.0649993419647
610,c1cc(-c2cc3nc(C4CC4)c(CCO)cc3s2)ccc1C(O)C(F)(F)F,-6.8,406.56074571609497
50,C1CCCC(c2c3cc(N)c(=O)n(C)c3n(CC3CC3)c2-c2ccc(F)cc2)c1,-6.8,388.7395856380463
598,CN1C2(CCN(c3c(C4CC4)cc(C3)Br)C2=O)CCC1=C,-6.8,225.60207986831665
145,C(N)(C(Cc1ccccc1)c1ccccc1)CC(C(=O)O)N1C[nH](C)CC1,-6.8,406.6562168598175
727,c1cc(C(O)=C(C)C(N2CCC3(C(=O)NC)CCCC3)CN2)ccn1,-6.8,294.3729772567749
691,c1c(F)ccc(C(NC(=O)OC2c3c(cc(CNS(CC4CC4)o3)C2)C)C)c1,-6.8,307.18060636520386
23,c1(N2CCC3(C(=O)NCC3)CC2)c2cc(Cl)c(Cl)cc2c1Cl,-6.8,204.50488805770877
299,c1cc(NS(=O)(=O)c2ccc(CC)s2)cc2c1S(=O)(=O)OC2=O,-6.8,211.54943346977237
496,N(c1ccc(Oc2ccc3c(N)cc(=O)n(C)c3c2)cc1)=O,-6.8,223.85864806175232
40,c1(N2CCC3(C(=O)NC4CC4)CCCCC3C2)cc2oc(NC)cc12,-6.8,376.113653421402
288,c1c(C)c(C(F)(F)F)cc(NS(=O)(=O)c2ccc(C(F)(F)F)s2)c1,-6.8,233.4266624450684
287,c1(C(c2nc3c(s2)CS(=O)(=O)CN3)O)cccc(NC(=O)CO)c1,-6.8,325.5313808917999
524,c1cc(NS(C)(c2ccc(N)cc2)C(C)C)ccc1N1CCOCC1=O,-6.8,347.67630791664124
77,O1CC2CCCC(C1)N2c1c(O)ccc(N2CCC3(CC2)OCCC3)n1,-6.8,272.4306356906891
645,O=C(O)c1cc(ccn1)C(=O)C(Cc1sccc1)NC(c1ccccc1)C(=O)N,-6.8,366.0584011077881
51,N1(CCCC(=O)NCc2ccccc2)N(Cc2ccccc2)C(O)C1,-6.8,294.9683427810669
262,C(c1ccc(CC(=O)NC2c3ccccc3CC2O)cc1)=O,-6.8,233.10906338691711
506,C(O)(c1cc(Cl)c(F)c2ccc(C)cc12)C(NC(C)(C)C)=O,-6.8,291.27430629730225
63,C1[CH](N(S(=O)(NC(=O)C(C)C)Cc2ccccc2)C(O)=O)c(C(=O)(CCC))Cn1,-6.8,404.13921189308167
267,C1N(c2ccc(NC(N)=O)cc2)C(=O)Nc2ccc(N)cc21,-6.8,217.11817979812625
511,C(C(F)(F)F)C(=O)N1CCN(c2ccc(C(=O)NC)c(Cl)c2)CC1=O,-6.8,295.8571927547455
173,c1ccc(-c2nc3nc(C(NC(=O)NCCO)C4CC4)ccc3s2)cc1,-6.8,297.2876718044281
125,c1cc(F)ccc1-c1cc(NC(=O)CCOC)ccC(C(Nc3nscc3)N)c1,-6.8,360.57765436172485
82,c12c(c1)c(-c1c(=O)[nH]cc(S(=O)(=O)NC)c1)cc(C(=O)O)n2Cl,-6.8,300.0355966091156
80,c1cc(F)ccc1CN(c1ccc2c(c1)NC(=O)CnO2)C(Cc1ccccc1)NC,-6.8,316.22526717185974
456,FC(F)(F)c1ccncc1CNc1nn(C(=O)N2C[C@@]2C)cc1,-6.8,210.2281358242035
542,O=C(NC(C(F)(F)F)C(F)(F)F)c1cc(-c2ccc[nH]c2=O)sc1,-6.8,271.8637306690216
76,O1[C@H](Cc2ccc(F)cc2)C(C(NC(Cc2ccccc2)=O)=O)N1,-6.8,261.090291261673
159,c1ccc2c(c1)S(=O)(=O)C(C(C(N)=O)C(O)CC2)c1ccc(F)cc1,-6.8,314.17702865600586
466,c1ccc2cc(C(=O)O)ccc2c1NCC(C(C)C)N1CCCCC1=O,-6.8,274.9849181175232
39,c1c(-c2c(F)cccc2)cccc1CN1C(C(=O)O)C[C@@H]1,-6.8,232.89895462989807
94,N(S(=O)(=O)Nc1ccc(C)c(F)c1)c1ccc(C(C(=O)O)O)cc1,-6.8,359.52711820602417
730,N1C(c2nocc2CNC(c2ccccc2)Cc2cccc(Cl)c2)CCC1,-6.7,291.3270432949066
811,c1ccc(Oc2ccnc(NC(C3CC3)C3CC3)n2)cc1NC(=O)CS(=O)C(C(F)=O)=O,-6.7,456.6508076190949
107,O1C2=NS(=O)(=O)c3ccc(Cl)cc3N1C1=C(CC1)C2=O,-6.7,226.8446958065033
654,c1cc(-c2cc(N(Cc3c(F)cccc3)C)c(C)s2)ccc(C(=O)O)s1,-6.7,288.9184355735779
526,FC(F)(F)c1c(-c2cccc(N)c2)ccc2cc(Cl)ccc12,-6.7,233.41331315040588
746,C1C(O)(c2ccc(NC(C(F)(F)F)=NC(C)(F)F)cc2)COCCc1,-6.7,328.1650080680847
809,C1(C(O)=O)OC2(CCC3CC2C(C)CCN3)Cc2ccccc2C1=O,-6.7,214.63594913482663
548,FC(F)(F)c1cc(-c2cccc(N(S(=O)(=O)C)F)c2)ncc1,-6.7,206.1943359375
570,c1cc(F)c2c(c1)c(-c1c(F)cccc1)c(C(=O)O)cc2,-6.7,221.0607545375824
100,N(C(=O)NC(c1ccccc1)Cc1c(F)cccc1)CC(O)=O,-6.7,283.79794692993164
471,c1(N2C(OC)(OCc3c(F)cccc3)C2)c(-c2ccc[nH]c2=O)cc1Cl,-6.7,306.76171350479126
427,c1cc(-c2sc(-c3c(F)ccc(C)c3)c(C(N)=O)c2Cl)ccc1Cl,-6.7,253.23824334144592
644,c1(N2CCC3(C(=O)NCC3)S(=O)(=O)c3cc(F)ccc32)ccc1Br,-6.7,156.95699071884155
585,C1(=O)N(C)C(C(=O)NC(C)(C)C)(CC(O)CN(C3CCOC2=O)Sc3cnc2)c1,-6.7,390.8590080738068
586,c1(CN2C(=O)C(NC(N3CCOCC3)=O)Cc3ccc(C(=O)O)cc32)C(=O)C1,-6.7,339.6293520927429
591,N(C(c1ncccn1)CC(Cc1ccccc1)CC(=O)N1C[C@@H]n1)N,-6.7,295.9374749660492
667,c1ccc2c(c1)N(c1ccc(C(=O)O)cn1)S(=O)(=O)C=C2Cl,-6.7,229.53950023651123
61,C1C2(CNC(=O)C3CCC(O2)=CCC3)CC(C(=O)N2CCOCC2)C1,-6.7,211.9191253185272
500,c1cc(F)ccc1CN1CCN(c2c(F)cccc2)CC1=O,-6.7,204.0331275463104
796,c1cOccc2c1CN(C(=O)Cc1ccc(C(CC(C)C)=O)cc1)C(=O)C2=C,-6.7,266.1821529865265
132,O1CC(c2c(=O)n(CC(Nc3ccccc3)=O)oc2C(=O)O)OC(O)C1,-6.7,429.67175030708313
78,c1c(Oc2ccc(Oc3ccnc(C)c3)cc2)ccc(F)c1,-6.7,231.39992547035217
67,OCc1sc(-c2ccc(Br)cc2)nc1-c2cccc(C)c2,-6.7,210.38524413108823
79,C1C2CC(c3ccc(F)cc3)CC(C(=O)NC(C)(C)C)C2=CCC1,-6.7,261.76363587379456
642,O=C1N(C2=CS(=O)(=O)c3cc(C4CC4)c(Cl)cc3N2)CC(O)=S1,-6.7,254.4320752620697
783,C1(F)c2c(cc3c(c2C)CN(C(=O)C(NC(O)C(C)(C)C)=CS3)NO)C1=O,-6.7,361.1082344055176
487,N(c1ccc2c(NC(=O)C3CCC(=O)NC3)c[nH]c2c1)=O,-6.7,209.2951204776764
655,CCc1ccccc1C(NC(=O)C(C1CC1)S(=O)(=O)c1ccccc1)C(=O)C,-6.7,297.2098240852356
574,c1ccc2c(c1)c(Cl)c(F)cc2NS(=O)(=O)Cc1ccc(O)cc1,-6.7,264.6897015571594
90,CC(CC)CN1c2ccccc2Cc2c(-c3ccncc3)cc(=O)[nH]c21,-6.7,271.7777144908905
47,c1c2c(c(C(=O)NC(C(O)C(NC)=O)Cc3ccccc3)c1)c(Cl)cn2,-6.7,301.4365088939667
97,C(c1ccc(NS(=O)(=O)c2ccc(C(=O)NC)s2)cc1)O,-6.7,243.31286215782168
852,n1c(NC(NS(=O)(=O)C(C)C)Cc2ccccc2)c(-c2ccccc2)c1,-6.7,277.0293636322021
330,c1ccc(CC2(C(O)=O)CS(=O)(=O)c3n[nH]cc32)cc1Br,-6.7,254.89134311676025
153,OC(=O)C(Cc1ccc(O)cc1)N1Cc2ccccc2C(C(O)=O)C1=O,-6.7,408.2747964859009
247,c1cccc(-c2c(-c3ccccc3)c(C(=O)O)c3c(n2)cccc3)c1Cl,-6.7,340.871595621109
62,C1CCCCC(CC(N2CCC3(CC2)CCCCC3)C1(CC(=O)O)N)C(NC(=O)N)N,-6.7,662.253992319107
274,C1CCN(S(=O)(=O)c2cccnc2)c2cc(Cl)c(C)cc2C1,-6.7,207.7629668712616
24,C1(F)S(=O)(=O)Oc2c3ccccc3c(cc2)ccc1=O,-6.7,229.7516210079193
169,OCc1cc(C)c2c(OC(=O)C(C#CCO)C(=O)NC)cc(C(F)(F)F)sc2cc1,-6.7,503.7426064014435
870,C1CC1c1c2c(cccc2)c(-c2ccccc2F)n(Cc2ccccn2)c1=O,-6.7,329.1827733516693
295,CN1C(=O)c2ccc(O)cc2C1(C)C(C)3C(c1ccccc1)N=S3(C)CCl,-6.7,498.87013483047485
388,c1(O)ccc(C(F)(F)F)c(F)c(CCc3c(F)cccc3)cc1C(=O)O,-6.7,380.5348088741303
883,OC(=O)N(CN(CC(NC(C)(C)C)C=O)C(NC(c1ccccc1)=O)=O)O,-6.7,350.6404616832733
890,O=S(=O)(Nc1c(C(F)(F)F)cc(-c2ccc[nH]c2=O)cc1)O,-6.7,278.78672981262207
363,O=C(O)CNCC(=O)N1CCOCC1c1c(CN(C)C)c2c(O)cc(F)cc12,-6.7,378.932639837265
180,Fc1ccc(S(=O)(O)=O)c(-c2cc3c(c(O)c2)CS(=O)(=O)NC3)c1,-6.7,297.9777522087097
328,N(C(C1CC1)C(=O)N1C[C@](C)C(C(c2ccccc2)=O)=O)C1=O,-6.7,229.66683053970337
161,CN1S(=O)(=O)c2ccc(F)c(C)c2C[C@](C2=CC=CC2=O)O1,-6.7,150.3126504421234
820,C1[C@H](C(Nc2c(F)cccc2)c2ccccc2)C(NC(NC(C)C)=O)NCC1,-6.7,343.2925901412964
208,N1(C(=O)Nc2c(=O)n(C)cc(N)c2)CCc2c1ccccc2=O,-6.7,251.25031042099
222,c12ccc(Br)c(-c3c(F)ccc(Cl)c3)c1C1=NS(=O)(=O)cc21,-6.7,199.03901600837708
146,c1ccc(-c2nc(-c3c(F)cccc3)cs2)c(C(=O)O)c1,-6.7,236.26400661468503
212,CC(NC(=O)OC(c1scnc1)C(Cc1ccccc1)O)C(NC(NC)=O)=O,-6.7,356.51224541664124
111,CNC(C1CC2(C1)CC1(CC1)CC(NC(=O)NC1COCCC1)=N2)=O,-6.7,331.35981345176697
845,c1cc(-c2c(CC)c3nccc(-c4c(F)cccc4)c3[nH]2)ccc1,-6.7,249.550133228302
129,CN1CCN(c2ccc(s2)NS(=O)(=O)NCc2c(F)cccc2)CC1,-6.6,239.8350591659546
48,c1cc(Oc2cncc(C(=O)NC)c2)ccc1N1CCOCC1=O,-6.6,276.44615507125854
675,C12CCCCC1C(Cl)(C1=CN(Cc3ccc(Br)cc3)C2=O)c1,-6.6,184.04829812049863
172,N1C(=O)c2c(cccc2C(F)(F)F)Cn2c(=O)n(C)cc21,-6.6,159.8547966480255
497,N1CC(CC(=O)NS(=O)(=O)C)Cc2cccc(Cl)c21,-6.6,191.3056917190552
465,C1CC1c1ccc(Cn2c3c(cccc3)n(Cc3ccc(=O)[nH]c3)c2=O)s1,-6.6,271.6398136615753
28,C1ccccc(CC(NC(CC)(C(C)C)C(C)C)N(S(=O)(C)=O)Cl)c1Cl,-6.6,298.6908745765686
690,N(C(=O)C1OC(=O)c2ccc(C)cc21)c1ccc(F)cc1Cl,-6.6,232.30776190757751
312,c1cc(CCO)c(C(F)(F)F)cc1S(=O)(=O)Oc1cc(C)sc1,-6.6,277.8547444343567
483,C1C2(CCNc3ccc(C(F)(F)F)c(CNC)c3)CC(C(=O)O)CC2c1,-6.6,354.4573082923889
306,c1ccc(CC(NC(=O)N2C(C)C3CC(O)CCC32)C(C)(C)C)c(Br)c1,-6.6,294.3604907989502
474,C(c1cc(C)ccc1)C(CN1CC2CC3CC(C2)CC1C3)O,-6.6,235.33953881263733
13,O=C(c2ccc[nH]c2=O)C(Cc1ccccc1)NC(=O)C1CCCCC1,-6.6,257.3253433704376
568,c1ccc(N)cc1Cn1c2c(cccc2)CC[nH]c1=O,-6.6,197.76975631713867
687,C1C2CCCCC2CC(C(C(=O)NS(=O)(=O)C)N)C1C1CC1,-6.6,254.26260542869568
630,c1cc(Cl)cc2c(-c3c(F)cccc3)c(C(=O)Nc3ccccc3)n(C)c12,-6.6,289.0714464187622
657,c1(N2CC(O)CC2)ccc(S(=O)(=O)Oc2ccccc2)c[C@]c1,-6.6,249.60365891456604
230,O=C(NC(C(NC(CN1CCOCC1)CCc1ccccc1)O)N(C)C)CC(C1NO1)CC,-6.6,575.6423714160919
103,c1cc(F)c(Cn2c(C#CCO)cc3c(C)nccc3c2=O)cc1NC(=O)O,-6.6,402.145220041275
17,c12c(n(Cc3ccc[nH]c3=O)c1=O)cc(CCC(=O)O)CC(O)CC2Cl,-6.6,339.6828713417053
186,s1c(-c2c(N3CCC5CCCCC5(C)C3)cccc2)ccc1Cl,-6.6,211.22859859466556
238,C1CCCCCC1C(c1c(=O)[nH]ccc1)OCc1ccccc1NS(C)(=O)Cl,-6.6,312.6198925971985
176,c1c(CC)cccc1S(=O)(=O)Nc1cc(C2CCCCC2)sc1C(=O)O,-6.6,274.2218511104584
124,C1(C(=O)NC(=O)NCC(=O)N2CCOCC2)c2cccc(F)c2C(Cl)c1,-6.6,300.65148282051086
634,C1CCC2C1CC(C(=O)O)NC(c1c(=O)n(CCO)n1)=NS2(=O)=O,-6.6,352.04556035995483
530,OC(=O)C1(C(F)(F)F)OCc2cc(-c3cccc(Br)c3)sc21,-6.6,258.7836844921112
635,C1(C#CC2CCC(=O)N2)OC(=O)c2cc(O)c(Cl)cc21,-6.6,206.78327989578247
93,CNc1nn(C(C(=O)Nc2ccc(cc2C)NC(=O)O)C(C)C)nc1,-6.6,333.38899326324463
135,Fc1cc2c(c(CNC)c1)NC(=O)C=C(c1cc(Cl)cc(CNC)c1)NCN2,-6.6,350.6621072292328
615,c1(-c2ccc(Cl)cn2)ccc1CN(CC(=O)NCC(O)=O)S(=O)(F)=O,-6.6,278.3873801231384
20,C1CN(c2cc3c(cc2F)CS(=O)(=O)N3c2c(C)cccc2)CC1,-6.6,228.7818431854248
518,O=C(c1cc(CN2CCOCC2)c(-c2ccnc(N)c2)s1)C(NC(OC)C(F)=O)=O,-6.6,423.3101444244385
172,O=S(c1ccc(B1)C(C)C(N1CC2CC1Cl)C(=O)N2CS(C)(=O)=O)C,-6.6,0.0617449283599853
67,c12c(cc(-c3ccc(F)cc3)cc(C(=O)O)c2F)c1Cl,-6.6,192.8468596935272
171,c1c(Oc2ccc(C(=O)NS(=O)(=O)N(C)C)cn2)ccc(Cl)c1,-6.6,244.2522964477539
144,FC1(F)NC(=O)OCC2(C1)C(=O)Nc1c(Cl)cccc12,-6.6,192.5147709846497
269,c1(S(CC)(=O)=O)c(F)cc1CN1c2ccccc2CS1(=O)=O,-6.6,211.81236052513125
603,c1cc(C)c2cc(C(N(C(NC)=O)C)=CC(O)CC)ccc2c1CCl,-6.6,314.94831919670105
15,O1C2CC(C1)C(CC(C)(C)C)=CN2(=O)OCc1c(NCc2ccccc2)C1,-6.6,283.757878780365
194,c1(F)cc(-c2c(C(O)=O)c(C(=O)O)c3c2ccc(Cl)cc3)c1Br,-6.6,306.2021565437317
875,c1cc(F)cc(CC(NC(O)CN2CCCNC2=O)C(O)=O)c1,-6.6,300.10468196868896
431,C1CN(c2c(F)cccc2C(=O)O)S(=O)(=O)c2ccc(Cl)cc21,-6.6,227.0084173679352
797,CS(=O)(=O)N(c1cccc(C(F)(F)F)c1C)C(=O)NS(=O)(=O)c1ccc1,-6.6,326.31925415992737
152,N1C(O)N(Cc2ccc(O)c(Cl)c2)C(=O)C2(CCCCC2)S1(=O)=O,-6.6,297.00266909599304
836,c1(F)cc2c1ccc(F)c2CCn1cc(C)c(C)nc1=O,-6.6,191.2231981754303
747,N1C2(CC(O)=O)Nc3cccc(c3)c3c(=O)ncc(c3N2C(CCC(CC)N)C)c1,-6.6,583.4580574035645
831,c1(Cn2c(N)c(-c3ccccc3F)c3ccc(Cl)cc3c2=O)ccc1,-6.6,314.2568838596344
826,c12c(c1)ccc(CC1(C(C(O)=O)c3c(-c4ccc(F)cc4)occ3)c(=O)CC2)cc1,-6.6,394.501473903656
791,C(c1scc(Cl)c1)c1c(NS(=O)(=O)c2ccccc2)S(=O)(O)cc1,-6.6,276.3647050857544
138,c1ccc2c(C(O)=O)cc(-c3ccc(C(=O)NCCO)s3)nc2c1,-6.6,318.15338039398193
58,c1cc(NS(=O)(=O)c2ccc(N)cc2)cc(C(=O)O)c1,-6.6,264.7217826843262
415,c1(N)cc2n(Cc3sc(C)c(C(=O)NCCO)c3)cc(O)c(Cl)c2c1,-6.6,382.1063079833984
329,c1cc(-c2c(Cl)c3cccc(Cl)c3n2Cc2cc(C)ccc2)sc1,-6.6,209.077561378479
771,C1C(c2ccc(F)cc2)OCC(=O)N1Cc1scc(C(=O)O)c1,-6.6,236.9849646091461
766,c1(-c2c(CCc3ccc(Cl)c(F)c3)cc(CC(=O)O)n2Cc1)O,-6.6,281.8708930015564
812,c1c(NS(=O)(=O)c2ccc(C(NC)=O)cc2)CCC(=O)O1,-6.6,207.93388295173645
777,c1ccc(CC(O)=O)cc1S(NC(=O)Nc1c(=O)[nH]cc(F)c1)=O,-6.6,295.51778960227966
420,Fc1cc2nc(CC3CC3)n(-c3ccccc3)c2c2c1CC(=O)NCC2=O,-6.6,263.7988488674164
369,c1c(-c2c(Br)=C(c3ccc[nH]c3=O)[nH](F)c2Cl)ccc(=O)s1,-6.6,253.38197469711304
795,c1cc(F)cc(-c2c(N3CCC4(CCCC4)C3)ccc(C(=O)O)c2C(=O)O)c1,-6.6,424.9526205062866
46,N1C(CC(NS(c2ccc(C)cc2C)=O)=O)cN(CCC(C)C)CC1,-6.5,275.1729183197021
243,N1CCN(c2nc3nc(C4CC4)ccc3s2)CC1=O,-6.5,192.7596502304077
331,c1cc(Oc2cc(C(=O)NC)ncc2)ccc1NS(=O)(=O)CC(=O)O,-6.5,354.00908946990967
246,C(CC(CCN1CC2CCCCC2)(O)C1)C(F)(F)F,-6.5,232.11361002922055
154,c1ccc2c(c(-c3cc(NC4CC4)c(C)s3)n2CC(O)C2CC2)cn1,-6.5,393.2023622989655
424,C1C2CCOC2N(c2nc3c(cc2)c(Cl)cc(Cl)c3)C1,-6.5,174.74115347862244
252,c1cc(Oc2c(Br)ccc(O)c2Cl)c2c(c1)cccc2,-6.5,212.1106169223785
865,c1c(OC)c(CNC(c2cccc(NC)c2)Cc2cc3c(cc2C4CCC4)o3)c(F)Ccc1,-6.5,394.3341784477234
344,O=S(=O)(O)Cc1ccc2sccc2c1C(=O)NC(C)(C)C,-6.5,235.2456784248352
270,c1c(Oc2ccc(C)c(NC(O)C3CC3)c2)cc(NC(=O)C(C)C)cc1Cl,-6.5,370.2805564403534
88,c1cc(-c2c(C3CC3)c3ncc(Cl)c(Cl)c3c(N)c2)cc(NSO)c1,-6.5,353.8450789451599
21,C1CCCCC1Cn1ccc2c(c(Cl)cccc2c1=O)=O,-6.5,170.00028586387634
779,c1c(C(=O)O)c(Oc2c(C)cc(F)c(NC)c2-c2ccc[nH]2)oc1Cl,-6.5,315.4687824249268
357,C1Nc2cc(F)ccc2CN(CC(=O)NC(C(NC(C)(C(C)C)C(C)C)=O)Cc(N)c1),-6.5,460.1284584999085
816,c1cc2oc(C(=O)O)cc2c2ccccc12,-6.5,112.73646426200868
201,N1c2ccccc2Nc2cccc(c2C(C)(C)C)C1C(O)=O,-6.5,227.83154153823853
103,c1cccc(-c2cc(NS(=O)(=O)C)ncc2)c1-c1ccccc1,-6.5,246.70394372940063
163,OC(C(O)=O)(CC(O)C(Cc1ccccc1)CN1CCOC2CC21)C(C)N,-6.5,471.3160610198975
385,c1(Cn2cc(C(O)=O)c(C(c3ccccc3)NC(=O)N)c2Cl)ccn1,-6.5,374.4319019317627
213,c1(F)ccc1S(=O)(=O)Cc1cccc2c(O)cc(Cl)c(C(=O)O)c12,-6.5,312.8075201511383
803,OC(Nc1cc2oc(C(O)C(C)C)cc(N)(C(=O)N)c2cc1)=O,-6.5,449.378603219986
529,C12CCCCC1CC(NS(=O)(=O)c1ccc(Cl)cc1)C2,-6.5,185.24064016342163
140,Cc1cscc1-c1c(c(-c2ccccc2F)n(Cc2c(F)cc(O)cc2)c1C)F,-6.5,431.3276116847992
183,c1(-c2c(Br)ncc(Nc3cc(Cl)c4sncc4c3)c2)cScc1,-6.5,221.2487056255341
841,c12c(ccc1-c1cc(CC(=O)NC)c3c(c1)CS3)cc(C(=O)O)c2Cl,-6.5,292.9562735557556
232,O=C1N(C)C(CCCc2cc3c(cc2)cc(CCO)s3)NC1=O,-6.5,252.0296094417572
366,c1ccc(CNC(=O)CO)cc1CC(=O)N1C[C@@H](C(CC)COc2cnn(Cc2)C)c1,-6.5,451.692866563797
49,c1(F)(F)cc(c2cc(F)c3c(-c4ccc[nH]4)scc3c2C(=O)O)n1Cl,-6.5,244.6169962882996
792,C1OCCN(Cc2c(C(=O)O)c3c(n2C)c(-c2ccc(F)cc2)ccc3)C1,-6.5,335.8573110103607
414,N1(C(F)(F)F)OCC2C(C(O)=O)C(Cc3cc(=O)[nH]cc3)NCC(C)N12,-6.5,413.1294598579407
617,C1CCC(C(NC(=O)c2c(=O)[nH]cc(C(F)(F)F)c2)CO)CC1,-6.5,255.95968651771545
658,c1cc(c(Cl)c(F)c(C(NC(=O)OC2CC2)CC(C)C)c1)=O,-6.5,239.6704442501068
264,O1C2OCC(C2)(C)C2CC(C(C(F)(F)F)NCC2)CC1,-6.5,240.60474061965945
335,OC(C)(F)C(NC)C(=O)OCc1ccc(C(=O)NC(=O)N)cc1,-6.5,280.10889768600464
441,FC(F)(F)c1c(N)cc2c(c1)C(=O)CnOS2(=O)=O,-6.5,183.01742267608645
880,c1ccc2c(n1)S(=O)(=O)OC(C(O)CN1CCOCC1)NS2(=O)=O,-6.5,295.7150504589081
444,Brc1ccc(Cn2c3c(cc(C)c(C(O)CO)c3)C2)c(N)c1Br,-6.5,330.3189113140106
693,O1C(=O)OCC(=O)NCCNC(C(F)(F)F)CCc2cscc21,-6.5,190.9206635951996
479,c1ccc2c(c1)N(S(=O)(=O)c1ccncc1)S(=O)(=O)CCCNC2=O,-6.5,303.3203699588776
304,O1C(F)(F)c2ccccc2C1Nc1c(Cl)ccc(C3CC3)c1,-6.5,224.70145869255063
14,O=C(NC(F)(F)F)c1sc(-c2ccc(C)c(Cl)c2)cc1,-6.5,210.59577560424805
686,c1cc(Oc2ccc(NC(C)(C)C)cc2)c2c(c1)c(CC)ncc2,-6.5,267.1207528114319
741,c1c(C)cccc1-c1nccc2c(Cl)cccc12,-6.5,136.74602699279785
447,C(C1CC2CCCCC2(C2)CN(C(=O)c2cc(NC)ccc2)CC2=O)C1,-6.5,278.6757502555847
315,c1(CC(NC)(C(=O)N2C[C@H]3CCC(O)=CCC3)CC2)ccn1,-6.5,274.3109986782074
8,Cc1c(CC(=O)OC)oc(C(Cc2ccccc2)NC(=O)c2ccccc2)c1,-6.5,302.54600858688354
736,C1C2C(CC(Oc3c(=O)[nH]cc(S(=O)(=O)CCN)c3)NCC2)=CC1Cl,-6.5,303.4978976249695
885,c1cc(-c2c(C(O)=O)c3cc(F)ccc3n2CCO)ccc1NC(CC)Cl,-6.5,402.7080609798432
314,CNC(c1ccc2c(c1)NC(=O)CnO2)C(C)C(c1ccc(F)cc1)N(c1cCC1)CC,-6.5,380.4603011608124
73,c1cc(CC)c(CNC(=O)O)cc1NC(=O)c1ccc(C(C)C)cc1,-6.5,308.1812541484833
156,c1cc(-c2c(C(C)C)c3c(n2Cc2ccc[nH]c2=O)cccc3)ccc1,-6.5,295.10763931274414
296,O1C2C(NS(=O)(=O)c3ccc(N)cc3)CC2Sc2ccc(CN)cc21,-6.5,321.81773710250854
5,c1ccc2c(c(-c3c(F)cccc3)c(Cl)c(Cl)c2Br)c1O,-6.5,208.62424850463867
439,O=C(NC(Cc1cccc(O)n1)Cc1cccc(Br)c1)O,-6.5,267.8093430995941
279,c1c(S(=O)(=O)NC2c3cc(N(CC)C(=O)NCCNC)ccc3CN2)cc1,-6.5,312.29441356658936
50,C(C1CC2CCCCC2CC1)Cn1c(=O)[C@]cc(CC(C)(C)C)c1=O,-6.5,244.411315202713
69,Cc1cc(F)ccc1NC(=O)C(C(CNC(=O)CNC(C)(C)C)=O)O,-6.5,315.5547845363617
673,C1(S(=O)(=O)NCS(=O)(=O)c2ccccc2)C[C@](O)C(O)C1,-6.5,254.90297269821167
40,N(S(=O)(=O)c1cc(O)c(F)cc1)S(c1ccccc1)=O,-6.5,218.69419193267825
683,C1CC1c1cc(NS(=O)(=O)c2ccc(CCO)s2)c(C(=O)O)s1,-6.5,309.9617943763733
722,C1CC1c1cc(NS(=O)(=O)c2ccc(F)c(Cl)c2)ccn1,-6.5,218.4385120868683
868,c1cc(F)c(Cn2c(=O)ccc3sccc32)cc1Nc1ccccc1,-6.5,266.75652170181274
41,c1cc(NS(=O)(=O)c2ccc(C(O)=O)s2)ccc1NC(=O)N,-6.5,267.0836865901947
323,c1ccc(CC(NS(=O)(=O)Nc2ccc(N)c(C)c2)N2CCCCC2)cc1,-6.5,304.5160963535309
161,Cc1cc(S(=O)(=O)NC)cc2oc(-c3ccn(C)c3)cc12,-6.5,201.9037094116211
56,O=C(c1(NC(c2cccc(F)c2)=O)c(-c2ccc(F)cc2)c1)O,-6.4,288.69503378868103
102,C(CN(CC(C)C)C(c1ccccc1)c1ccccc1)NC(=O)N1CCCC1,-6.4,297.7344436645508
821,C(C1CCc2c(S(=O)(O)=O)c(C)n(Cc3ccc(C(F)(F)F)cc3)c2)c1,-6.4,313.9067270755768
162,c1ccc(CC(C)C(NC(C2CC2)C(F)(F)F)=O)cc1NC(=O)c1c(Cl)C1CC,-6.4,334.04034399986267
897,c1(Nc2c(Cl)cccc2)nc2cccc(F)c12,-6.4,147.97860884666443
149,CCOC1CN(C(=O)NCc2cccc(C)c2)CC(C2CC2)C1,-6.4,238.30356884002688
705,Fc1cc(Cl)cc2oc(-c3c(Cl)cncc3)c(C(=O)O)c12,-6.4,202.11321711540225
136,N1(N2CCC3(CC2)CCN(C(C(F)(F)F)=O)CC3)C[C@](O)C1=O,-6.4,237.4626517295837
580,c1(Cl)c(Oc2cc3c(cc2)c(C(=O)O)n1CC(=O)O)cnc3,-6.4,333.14963245391846
819,c1(F)c(NC(=O)OC(CC(=O)O)Cc2sccc2)cc1NC(O)=O,-6.4,323.28072118759155
178,FC(F)(F)c1c(Cn2c3c(cccc3)ccc1)c(N)cc2,-6.4,209.44266843795776
718,S1(=O)(=O)N=C(c2cc(C(NC)=O)ccc2F)c(Cl)C1,-6.4,161.42542958259585
68,C1(OC(=O)c2c(-c3ccc[nH]c3=O)c3c(nc2C2CC2)cccc3)CCC1,-6.4,276.68482780456543
739,c1cc(Oc2cc(C(NC)=O)ncc2CN2CCOCC2)ccc1Cl,-6.4,264.08717131614685
134,c1c(NS(O)(=O)=O)ccc(N)c1CN1CCCCCC1=O,-6.4,299.7914547920227
656,c1cc(Oc2ccc(Br)cc2)c2c(c1)c(C(=O)O)sc2,-6.4,213.3949983119965
866,C(C1CCC(c2ccc(F)cc2)c2cccc(F)c2)=NO1,-6.4,198.09052991867063
44,c1cc(Oc2ccc(-c3c(=O)[nH]ccc3)cc2)sc1CCO,-6.4,268.48225831985474
860,c1ccc(Sc2cc(N(C)C(NC)=O)n(Cc3ccccc3)n2)cc1,-6.4,262.1084399223328
39,c1(S(=C)(=O)Cc2c(F)cccc2)cc(S(=O)(=O)O)c1Nc1ccccc1,-6.4,344.5804409980774
676,c1cc2c(c(C(=O)NC(C3CC3)C3CC3)c1)c(-c1ccccc1)c(C)NC2=O,-6.4,296.9552626609802
677,O=C(OCC(=O)N(C)C(=O)C(O)c1sccc1)C1CCC2CCCC2C1,-6.4,311.6941432952881
678,c1c2c(ccc1)N(c1c(F)cccc1)S(=O)(=O)CC2=O,-6.4,155.4347062110901
84,N1(c2cccn(CC(C)C)c2=O)S(=O)(c2c(O)ccc(Cl)c2)CS(O)C1,-6.4,427.48716402053833
38,c1(CNc2cc(C(=O)O)cc(C(=O)NC)c2)cc(C(=O)O)c1,-6.4,369.0739204883576
35,O=C1N(Cc2ccccn2)S(=O)(=O)c2cc(F)ccc21,-6.4,172.23888278007507
695,N(C(=O)c1cc(-c2ccccc2)sc1C(C)C)C(=O)NC(=O)NCc1ccccc1,-6.4,338.8147819042206
112,c1(NC(=O)CC(NS(=O)(=O)C)Cc2cc(C)cc(NC(=O)O)c2)ccc1,-6.4,328.1097226142884
123,FC(F)(F)c1sc(-c2c(Cl)cccc2)nc1C1=NS(=O)(=O)c1,-6.4,231.37484884262085
12,c1cc2c(n(Cc3ccccc3)c1=O)CS(=O)(=O)N2c1sccc1,-6.4,233.4653108119965
623,CN1c2c(cccc2)CC(NC(=O)c2ccccn2)S1(=O)=O,-6.4,201.232337474823
132,c1c(CC)c(F)ccc1CN1C(=O)SCc2cccc(C)c21,-6.4,210.08705520629883
699,O=C(O)c1cccc(c1)Oc1ccc(-c2ccccc2)nccc1CC(O)=O,-6.4,369.6814260482788
815,FC(F)(F)S(=O)(=O)c1ccc2c(c1)S(=O)(O)=NS2(=O)=O,-6.4,178.04691433906555
89,N1CCOC(=O)C(C(NC(Cc2ccccc2)=O)Cc2cc(F)ccc2)C1,-6.4,309.22250032424927
547,c1ccc(Cn2c3cc(F)c(C)cc3ncc2=O)cc1Br,-6.4,183.91764879226685
147,OC(c1cc(Cl)c(F)cc1)(c1cc(O)ccc1)CC(O)CN(S(C1CCC1)=O)CC,-6.4,446.0768325328827
289,c1ccc(-c2cc(N(S(C)(=O)=O)C)c(NC)cc2Br)cc1,-6.4,208.32963228225708
144,c1(F)(F)cccc1CC(C)C1N(CC(=O)N2CCOCC2)C[nH]c1=O,-6.4,268.3027431964874
347,CN1[C@](C(=O)NC(c2ccccc2)C(=O)Nc2ccc(Br)cc2)CC[C]1,-6.4,280.07136511802673
178,N(C(Cc1ccc(O)cc1)C(=O)NC(C(N)=O)N1CCCC1)=O,-6.4,270.6886520385742
560,c1c(-c2c(Cl)ccc(C(F)(F)F)c2)c(C)ccc1,-6.4,168.22860288619995
350,c1(-c2sc3cccc(C)c3c2C(F)(F)F)c(C(=O)O)s1,-6.4,252.84636569023127
405,c1c(NCCc2ccccc2)cccc1S(=O)(=O)Nc1ccccc1,-6.4,249.6888620853424
272,C1CCC2CCCN(S(c3c(F)cccc3)Cc3cc(F)ccc3)C21,-6.4,262.371285200119
413,C(O)c1cc(N)c(C(F)(F)F)cc1C(=O)c1ccnc(NC)c1,-6.4,324.10376024246216
337,C1CCC2OC1c1ccc(NC(=O)Nc3c(F)cccc3Br)cc12,-6.4,245.1938662528992
332,C1CCCOCC1c1c2c(ccc1)cc(C(F)(F)F)n2Cc1ccccc1,-6.4,282.51796531677246
485,O=C(O)C(OC(N2CCOCC2)=O)c1cc2c(O)cc(F)cc2n1CCO,-6.4,386.4174151420593
258,S1(=O)(=O)CC2(S(=O)(=O)c3ccc(C)cc3)C(CCC)Nc1NCCN2,-6.4,323.07636547088623
324,Fc1cc2ccc(C(F)(F)F)c(-c3ccccc3)c2[C@]1,-6.4,214.1647412776947
318,c1cc(NS(=O)(=O)c2c(C)cccc2)cc2occc12,-6.4,203.6937205791473
478,c1(F)c2c(c(-c3c(C)cccc3)n2CCC(=O)O)c(Cl)c1C(O)Cl,-6.4,324.8704068660736
117,O1CN(c2cc3nc(-c4c(N)c(Cl)cc(N)c4)ccc3s2)CCC1,-6.4,267.9388253688812
263,c1cc(Oc2ccc(C(=O)O)c(F)c2)ccc1NS(C)(=O)=O,-6.4,294.4902880191803
210,C1CN(c2nc3c(s2)cc(CC(=O)O)CC3)C[C@H]c1=O,-6.4,202.3124279975891
313,c1cccc(CC(=O)NC2c3c(cccc3)S(=O)(=O)N2C2CC2)c1,-6.4,224.40244722366333
533,c1ccc(-c2nc(NC(C3CC3)CC3CC3)c(C(NC3CC3)=O)s2)nc1,-6.4,282.6938736438751
458,c1ccc(Br)c(NC(NC(=O)NC(C)c2ccc(F)cc2)=O)c1,-6.4,265.3375391960144
378,c1c(Br)c(CCC(O)=O)cc(N)c1CC(Cc1ccccc1)Cl,-6.4,325.94216656684875
513,c1(-c2ccnn2CCO)ccc1Oc1ccc(C(=O)O)c(C(F)(F)F)c1,-6.4,381.0267078876496
354,c1ccc(c(Br)c1C(C(C)NC(=O)O)O)Cc1ccccc1,-6.3,294.2436988353729
508,Fc1ccc(-c2c(C(=O)NC)n[nH]c2Cn2c(C)cccc2=O)cc1,-6.3,291.3930959701538
832,O=C(CCC(=O)O)N(c1ccccc1)C1CCC(C(C)C)CC(C)CC1,-6.3,296.0306396484375
873,c1cc(NC(c2c(F)cccc2)=O)ccc1C(O)=O,-6.3,215.85639643669128
889,C(c1cc(Cl)ccc1)Oc1cc3sccc3c(=O)n1Cc1ccc1,-6.3,220.12137866020203
317,FC(F)(F)c1cccc(Cn2c3cc(F)ccc32)c1,-6.3,180.05214858055115
316,FC(F)(F)c1sc(-c2ccc(C(O)=O)c(C)c2)c(C2CC2)c1C(O)Cl,-6.3,428.45113611221313
708,c1c(NC(=O)C(C(O)CCC)=O)c2c(ccc(C(=O)NC)c2)S(=O)(CO)nc1,-6.3,424.12433195114136
653,c1(-c2ccc3c(c2)CS(=O)(=O)N=C3)ccc1Cl,-6.3,120.83241486549376
355,c1cc(Br)ccc1S(=O)(=O)Nc1ccc(C(O)C(F)(F)F)s1,-6.3,261.67938351631165
371,C1C2CC(C(C(=O)NC(C3CC3)=C)Nc3ccccc32)CCC1CCO,-6.3,311.6427481174469
362,c1ccc(S(N2C=O)c3c(OC)c(C4CCC4)ccc3S2(=O)=O)cc1Br,-6.3,290.8265881538391
467,c1(N)c(Cn2c(C#CCO)c(-c3ccncc3)c3c(O)cccc23)cc1Cl,-6.3,404.5654966831207
731,c1(Cn2c3c(c(=O)[nH]c2=O)ccc1)OCC(Cl)C3,-6.3,224.66432738304135
442,c1ccc2nc(C(C(O)=O)c3ccc(C(=O)O)s3)c(C3CC3)cc2c1,-6.3,310.00500202178955
748,c1cccc(-c2cc(CC(=O)NC)cc(C(=O)NC(C3CC3)C3CC3)c2)c1,-6.3,309.0756618976593
71,C1C2CC(C(O)O)OCC2=NS(=O)(=O)c2ccccc21,-6.3,148.7077133655548
751,C1N(Cc2c(Cl)c(C3CC3)sc2)C(=O)CCC2C1CCOCC2Cl,-6.3,239.160329580307
436,S(=O)(=O)N(CC(=O)NC)C12CC3CC(C1)CC(C3)CC2=O,-6.3,208.01773738861084
484,c1cccc2c(c(-c3c(C)cc(C(=O)O)cc3C(=O)O)OS2)c1Br,-6.3,358.9322335720062
757,c1ccc2c(c1)sc(=O)n2Cc1c(Br)c2c(c1)N(S(CC)=O)ccc2,-6.3,245.9677629470825
507,c12cc(-c3ccccc3CNC(=O)C[C@@H](C)C)c(C(O)CC2)s1,-6.3,244.0939712524414
765,c12o(-c3cc3c(c(C(=O)O)c2C2=CS(=O)(=O)c3ccc(F)cc32)c1CC=O)F,-6.3,365.970251083374
785,N(S(c1ccccc1)(=O)c1cc(Cl)c(C(=O)O)s1)=O,-6.3,329.3048093318939
402,c1ccc(CC(O)=NS(=O)(=O)c2ccc(N)cc2)c(-c2ccn(C)c2)c1,-6.3,371.6023905277252
398,CC(C)CN1C(=O)c2ccccc2NC(=O)C12CCCC(C(O)=O)C2=O,-6.3,264.7480194568634
381,C1C(=O)NC(CC(=O)N2C[C@@H]3CCCCC3[C@@H](C)C2)C1,-6.3,206.79408049583435
671,c1c(N)cccc1Cn1ncc2c(Cl)ccc(F)c21,-6.3,195.05568289756772
824,C(N(Cc1ccc(N)cc1)C(=O)OC(c1ccccc1)=O)c1ccccc1,-6.3,306.62629413604736
525,c1(F)cc(CCN2C(C)CC[nH](C)C2)c(O)c(F)c1CCC(O)CCO,-6.3,392.1450989246368
666,c1(-c2c(Cl)c3ccccc3n2CC(O)C(C)C)ccc1C(O)=O,-6.3,273.33841466903687
839,O=C(OCC(C)C)N1Cc2nc(CCC(=O)NC)cc(C)c2C1=O,-6.3,228.20308375358584
419,C(=O)(OC(=O)c1(C(O)CNC(=O)Nc2ccc(Br)cc2)CN)C1,-6.3,330.52024006843567
163,c1ccc2c(c1)N(Cc1c(-c3cccc(N)c3)c3ccccc3n1CC)CC2,-6.3,359.425577878952
4,O1C2OCCCC2C(c2ccccc2C(F)(F)F)N(C(C)(C)C)C1=O,-6.3,305.24081349372864
71,Fc1ccc(CC(NS(c2ccccn2)(=C)C)C(C)C)cc1,-6.3,250.68899393081665
57,n1ccccc1C(NC(c1ccccc1)N1CCOCC1)=O,-6.3,230.23356580734253
170,c1(C(=O)Nc2ccc(F)cc2)ccc1S(=O)(=O)C(=O)O,-6.3,314.471116065979
607,c1c(Br)ccc(NS(=O)(=O)c2cc(O)ccc2Cl)c1Br,-6.3,230.02786302566528
36,C1C(c2sc3c(c2CCCO)cc(CC2CCC2)c(C(=O)NC(C)=O)c3)s1,-6.3,332.72324681282043
74,C1CC2CCCC(Cn3c(=O)n(CCO)c4ccccc43)(C2)C1,-6.3,276.9604833126068
254,C(C1OC)scc1N(Cc1ccc(F)cc1)C(Cc1ccccc1)=O,-6.3,235.73319745063785
251,OC(=O)CCC(=O)N(c1c(F)ccc(F)c1)C(Cc1ccccc1)=O,-6.3,303.174733877182
100,C1CCCC2C1C(C(=O)O)N(C(=O)NC1CCOCC1)C(=O)CNC2,-6.3,369.6018159389496
23,c1(Oc2cc(F)ccc2C(F)(F)F)sc1CC1CC(=O)O1,-6.3,214.81048822402957
106,FC(F)(F)c1c(-c2ccc(NC)cn2)c2cc(Cl)c(Cl)cc2nc1,-6.3,250.9306411743164
116,c1cc(N)c2c(c1)N(c1ccc(F)c(C)c1)S(=O)(=O)C2=O,-6.3,177.011958360672
125,c1cccc(CC(NC(O)C(Cc2ccccc2)=O)C(NC(C)=O)=O)c1,-6.3,327.19026017189026
587,CCC(CNC(=O)C1Cc2cc(Br)ccc2S1)C(=O)O,-6.3,221.2935049533844
219,N(C(Cc1ccccc1)C(Oc1ccccc1Br)C(=O)O)C(=O)O,-6.3,304.63332748413086
142,c1c(C2=NC3(CCC(C(O)=O)CC3)C(CC(O)CC)C2)ccc(Cl)c1,-6.3,341.45348930358887
143,c1ccc2c(c1)N(c1c(Cl)cccc1-c1ccc(Cl)cc1)CC2,-6.3,221.56250524520877
157,CC(C)(C)c1ncccc1S(=O)(C(C)C)CC(O)C(Cc1ccccc1)C,-6.3,345.670214176178
198,C1C2(CCNC(=O)C3CCCCC3)OCCC1CCC2,-6.3,200.96642184257507
13,C1CC2CCC(c3cc(C(F)(F)F)ccc3C2)CC1,-6.3,118.06767797470091
53,CCc1nsc(N)c1CNC(C(=O)Nc1cc(F)ccc1Br)(F)F,-6.3,283.5539574623108
462,c1ccc(CN2CC(=O)N(C(c3ccccc3)CC(C)C)CC2)cc1Br,-6.3,284.0363254547119
307,C1C(c2c(Cl)cccc2)Nc2ccccc2C(O)=NS1,-6.3,147.66970705986023
632,c1cc(CC(C(O)C(Cc2ccccc2)NC2CC2)ncc(Cl)c1Cl)=O,-6.3,300.19011902809143
168,OC(N(S(=O)(=O)c1ccc(N)cn1)c1ccc(F)cc1)C(NC)=O,-6.3,326.7705249786377
20,c1cc(F)cc(CN2CC(C(O)C3CCCCC3)C(C)C2)c1Cl,-6.3,292.58811378479004
27,c1cc(Oc2cccc3c2CN(C)SC3)sc1CC(=O)O,-6.3,220.49671292304996
549,O1CNc2c1cc(CC(C)C)c(=O)n2Cc1ccc(O)c(C(=O)O)c1,-6.3,351.71389174461365
303,c1c(CC)scc1-c1c(CC(=O)O)n(Cc2cccc(Br)c2)cc1,-6.3,253.39507746696472
32,N(c1cc(-c2ccc[nH]c2=O)c2c(c1)Br)c(-c1ccc[nH]1)c2,-6.3,214.504331111908
301,c1(CN2CCC3(N(c4cccc(C)c4)CC2)NC(=O)C3)ccc1Cl,-6.3,245.10127902030945
34,C(C1C(Cc2ccccc2)OC2(CCCCC2)CCC1),-6.3,170.71783232688904
302,c1(N2C[C@@H](CC(C(=O)O)Cc3ccccc3)CC2)c(Cl)cccc1Cl,-6.3,270.525007724762
276,c1(C(=O)O)C(OC(=O)C(=O)c1cccc(Br)c1)(O)Cc(N)cn1,-6.2,248.8131914138794
118,c1(S(=O)(=O)Nc2ccc(NS(O)(=O)=O)cc2)ccc1O,-6.2,267.1080949306488
759,N1C(=O)C(OC(=O)N2CCOCC2)c2c(C3CC3)cnc(Cl)c21,-6.2,229.19540810585025
898,c1ccc(C)c2c1cc(C(F)(F)F)n2Cc1ccc(C(=O)O)c(C)n1,-6.2,333.84434938430786
220,c1c(NC(=O)c2cc(F)ccc2)ccc(C(=O)OC)c1-c1sccc1,-6.2,277.3429796695709
434,N(C(=O)NCC(=O)NC1CC1)c1ccc(F)cc1CCC(=O)O,-6.2,278.3857011795044
17,c12CCCCC1c1ccc(F)cc1NS2(=O)=O,-6.2,220.5807304382324
137,O1CN(S(=O)(c2ccc(N)cc2)c2ccc(NC)cc2)CC(Br)CS1,-6.2,538.1809492111206
305,C(C=O)(CCCN1C(C)COCC1CN1CC2CCC1(C)OS(=O)=O)CC2=O,-6.2,313.7857027053833
148,Cc1ncccc1C(C)N(CC(O)CN1C(=O)CNC2(CCNC2=O)cc1CCC(O)NC)OC,-6.2,611.063022851944
450,c1(C)cc(N2C(C(=O)O)S(=O)(=O)c3cc(Cl)ccc32)c1Br,-6.2,214.82140731811523
6,Fc1c2c(ccc(O)c1)c(C(O)=O)Sc1cc(Cl)c(F)cc12,-6.2,230.4704933166504
433,C1(C)CCC(C(=O)O)(CC(NC(C(C)(C)C)=O)=C2CC2)CC1,-6.2,257.20523715019226
228,c1ccc(Oc2c(Cl)ncc(NC(O)=O)c2)cc1Br,-6.2,218.61998558044436
229,C(c1cccc(B(O)OCc2ccccc2)c1)#CCO,-6.2,0.0604355335235595
412,c1(-c2nccc3n(CC(O)=O)c(C(=O)O)c(C)c23)sc(Cl)cc1,-6.2,298.03505969047546
851,O=S(c1cc(Cl)ccc1)NC12CC3CC(CC(C3)C1)C2,-6.2,186.21991443634036
25,c1(F)c(-c2c(Cl)cccc2)c2cccc(C(N)=O)c12,-6.2,203.0227770805359
360,CC(C)(C)CC(=O)N1Cc2c(cccc2C#CCO)C(=O)C1C,-6.2,226.66056299209595
284,Cc1sc2c(c1C)c(-c1ccccc1)c(CC(=O)NC1CC1)c(=O)n2C,-6.2,258.5359709262848
846,c1c2sc(-c3c(F)cccc3)c(-c3c(O)cccc3)c2c(C)[nH]1,-6.2,246.55423641204837
70,c1cc(F)cc2c(-c3c(F)cccc3)sc(C(=O)O)c12,-6.2,210.8507163524628
834,c1ccc(CC(NC(=O)CC(O)C(N2CCC2=O)Cc2ccccc2)=O)cc1,-6.2,357.3894579410553
52,O1CCN1c1cccc(CNC(=O)Oc2c(F)ccc(C)c2)c1,-6.2,226.5179088115692
871,c1ccc(CC(NS(=O)(=O)c2sc(N)nc2)C(O)C(C)O)s1,-6.2,324.0722060203552
29,s1c(S(=O)(=O)C2CCCCC2)cc2occ3c2n1CC3,-6.2,166.29240083694458
878,O1C2CCCN(CC3CCCCC3)C2c2ccc(Cl)cc21,-6.2,190.9573302268982
237,OCC#Cc1c2cc(S(O)(=O)=O)c(OC)cc2n2cc(C)c(C)cc12,-6.2,293.6805417537689
99,C1CCC2C1CC=C(S(=O)(=O)NC(C(C)C)C1CC1)NC2=O,-6.2,225.3407759666443
393,c1ncc2c(NC[C@@H]2)nccc2ccc(F)cc12,-6.2,222.2579989433289
799,c1c(CCC(NC(=O)OC)C(Cc2cccc(C)c2)=O)sc(C(=O)O)c1,-6.2,315.8782286643982
33,C(C)(CN(C(C)(C)O)C(C(Cc1ccccc1)=O)=O)NC(Cc1ccccc1)NCCO,-6.2,565.2099912166595
110,C1CCCC(CCC(C(=O)O)NC(Cc2ccccc2)C(O)=O)CC1,-6.2,314.5528812408447
782,c1cc(-c2nc(Cc3c(F)ccc(C)c3)c(C(=O)O)s2)on1,-6.2,232.8906526565552
6,Oc1cc(C(O)=O)c(CCC(O)=O)cc1C(F)(F)F,-6.2,273.8717420101166
544,O1CCCCC(NC(=O)OC23CC4CC(CC(C4)C2)C3)C1,-6.2,191.7521016597748
514,CC(C)CC(C)CNc1ccc2c(c1)c(=O)n(Cc1ccccc1)n2C,-6.2,263.7600486278534
486,c1(F)ccccc1C1(C(NC(=O)OC2CCOC2=O)CC1)CC(O)C(=O)N,-6.2,318.9977316856384
582,CNc1cccc(F)c1CN1C2CC(CC2)Cc2ccccc21,-6.2,212.03754234313965
502,C(c1ccccc1)C(=O)Nc1c(Br)ccc(C(=O)O)c1Cl,-6.2,237.0224666595459
700,c1(-c2c(C3CCCCC3)scc2-c2c(Cl)ccc(C)n2)c(C(O)=O)N1,-6.2,329.0614550113678
127,c1(-c2ccccc2)c(CC(O)=O)c(CC(=O)N2CCOCC2)c1N(O)Cl,-6.2,405.50881791114807
519,c1(F)ccc2nc(-c3c(F)cccc3)c(C(=O)O)n(C)c12,-6.2,211.2493360042572
521,Nc1ccc(CC(=O)NC)c(c1)Cc1cccc2cscc12,-6.2,244.0540690422058
91,c1c(-c2c(Cl)cccc2)[nH]c2ccccc2c1=O,-6.2,125.42250156402588
92,c1cc(Cl)cc(CN(c2c(C3CC3)cccc2)C3CC(=O)N(C)C3)c1Cl,-6.2,260.5439124107361
672,c1cc2c(cc1)c(C(=O)NC(c1ccccc1)C1CC1)ccc2,-6.2,223.5292866230011
504,c1cc(F)c2oc(-c3ccccc3)c(C(=O)O)c2c1,-6.2,168.72974395751953
569,O1C2(CCN(S(O)(=O)=O)c3ccc(cc3N)CCC2)CC1,-6.2,198.6387643814087
505,O=C(O)c1cc(NC(=O)COCC2CCCCC2)ccc1Br,-6.2,249.5900285243988
121,c12oc(-c3sncc3-c3ccc(C(=O)O)s3)c(C(O)CC2C(F)(F)F)c1,-6.2,340.5904359817505
621,O1CC(C(=O)NCCc2cccc(NC(C)(C)C)c2)Nc2ccccc21,-6.2,274.36224603652954
689,N(CC(NC(C(NC(Cc1ccccccc1)CC(C)(C)C1COCC1CC(C)C)=O)OCC)O),-6.2,674.2056064605713
553,C1CCCCCC1S(=O)(=O)NCc1ccc(CCO)c(F)c1,-6.2,253.377210855484
98,O=C(O)c1cc(NS(=O)(=O)c2ccc(C)cc2)c(OC)cc1,-6.2,238.92346930503845
688,S1CC1c1occ(C2=CS(=O)(=O)c3cc(F)c(CN)cc32)c1,-6.2,223.8445065021515
492,C1C2(CNC(NS(=O)(=O)C)CCCCC2)CCCCC1,-6.2,168.237487077713
372,C(Nc1ccccc1)(c1c(-c2c(F)cccc2)cc(CC(=O)O)s1)=O,-6.1,316.18803429603577
418,C1CNC(C(Nc2ccc(C(NC)=O)cc2)C(O)=O)C1,-6.1,237.0606610774994
489,c1c(NC)c(C(C)=O)cc2c1n2Cc1ccccc1Cl,-6.1,204.1353154182434
787,c1c(F)cc(CC)cc1Cn1c(C(C)C)cc(=O)c(C2CC2)c1,-6.1,228.3348412513733
829,Fc1cccc(-c2cc(CC(=O)O)ncc2)c1CC(Cc1ccccc1)NC(C)=O,-6.1,372.7131707668304
374,O=C(c1cc(c(-c2cccnc2)s1)N(C)c1cccc(Br)c1C)O,-6.1,292.9202334880829
409,CS(=O)(=O)NCc1sc(-c2ccc(Br)cc2)nc1,-6.1,181.05099630355835
395,c1ccc(Oc2c(CN(S(=O)(=O)C)C)cncc2)cc1Br,-6.1,208.5184314250946
8,c1(C)cc(N(S(=O)(=O)C)Cc2cc(NC)ccn2)c1Br,-6.1,273.1263196468353
798,N(C(C(F)(F)F)OCCC(Cc1ccccc1)=O)Cc1ccc(=O)[NH]c1,-6.1,303.8140802383423
211,C1[CnH](NC(=O)NCC(=O)OC)c(CN2CCC3(NC3=O)CCCC2)c1,-6.1,244.10351586341855
827,CS(=O)(=O)NC1N(Cc2ccncc2)C2CCCCC21,-6.1,202.46873998641968
501,N1(C(=O)N(c2cccnc2)S(=O)(=O)CC(C)(C)C)CCCNc1,-6.1,262.48397278785706
106,c1ccc(-c2ccccn2)c(-c2c(F)ccc(Cl)c2)c1,-6.1,185.18569803237915
86,C1C2CCCCC1CC(C(O)=O)N(c1c(F)ccc(Cl)c1)CC2,-6.1,284.7133812904358
78,c1cccc(-c2nc(C(=O)O)nc(C(F)(F)F)c2N)c1Br,-6.1,312.7870593070984
557,c1nc2c(c3ccc(N)cc3NC(=O)C3CC3)CCCC2n1CC(=O)O,-6.1,393.20259499549866
73,CC(C)Cc1sc(C(CS(=O)(N)=O)Cc2ccncc2)nc1,-6.1,262.8903341293335
259,N(C(Cc1ccccc1)C(=O)O)C(Cc1c(C)cccc1)C(Cc1ccccc1)NC,-6.1,422.15733313560486
266,C1(C2CCCC2)NC(=O)c2cccc(Cl)c2C1=O,-6.1,166.71292805671692
99,c1ncc(NS(c2ccc(N)nc2)(C#CC2CCC2)Br)cn1,-6.1,234.2701511383057
45,c1(S(=O)(=O)N2CC(Oc3ccc(Br)cc3)C(C)C2)sc1F,-6.1,208.34217262268064
98,C(F)(F)c1nc(N(C)Cc2ccc(F)c(Cl)c2)ccc1C(C)Cl,-6.1,254.49597024917605
599,C(CNS(=O)(C(=O)O)=O)c1scc(-c2ccc(Br)cc2)c1,-6.1,233.30321979522705
294,C(OC(=O)NC(NC(c1c(O)cccc1)C(C)C)C1CC1)=O,-6.1,271.2928740978241
298,S(=O)(=O)Nc1cc(C#CC(C)(C)C)ccc1C1CCC(O)CC1,-6.1,281.1305944919586
109,O1CN(CC(O)C(Cc2ccccc2)OC)CC(O)C(CO)C1,-6.1,317.5167808532715
629,c1cc(-c2c(C(F)(F)F)c3c(sc2=O)cc(C(=O)O)cc3O)c1Cl,-6.1,367.6982216835022
592,c1cc(-c2c(C3CC3)c3sc(C(O)=O)cc3n2CC(C)C)ccc1Cl,-6.1,307.7610297203064
0,O=C1C(=O)N(Cc2ccccc2F)c2ccc(F)cc21,-6.1,177.4776337146759
320,CN(C(CO)Cc2ccc(F)cc2)C(c1ccccc1)=O,-6.1,234.51004028320312
182,C(C)c1c(Br)cc(CC2=CS(=O)(=O)c3ccccc32)cc1C1nC1C,-6.1,256.38523292541504
649,O1NCc2cccc(-c3sccc3C3CCCCC3)c21,-6.1,226.0682168006897
650,c1cc(Oc2ccc(Cl)cc2F)ccc1/CC,-6.1,171.51100635528564
43,c1cc(C(Nc2cc(NC)ncc2)=O)ccc1Br,-6.1,184.644225358963
221,c1cc(N(CC(=O)O)S(=O)(=O)c2ccc(C)s2)cc(C2CC2)c1,-6.1,274.36831760406494
566,c1cc(S(=O)(O)C2=CS(=O)(=O)c3cccc(NS)c32)ccc1,-6.1,333.8199863433838
853,C(C1CC1)=CNc1cc2nc(C3CCCCC3)cc(NC)c2s1,-6.1,248.75773882865903
216,c1cc(F)cc(CC(=O)NCc2ccc(C(C(=O)O)CC)s2)c1,-6.1,258.2011971473694
767,C(c1cccc(CC(C)C)c1)c1c(=O)n(CC2CCCCC2)cc(O)c1,-6.1,320.6685221195221
844,C1OCCN(c2cc(C3CCCCC3)ncc2)S1(=O)=O,-6.1,221.2028043270111
475,c1cc(F)c(C(C(O)=O)CCC(O)C(N2(=O)C3CC3)CCCC2)cc1,-6.1,337.9477677345276
480,Cc1cc(CN2CCC(C(O)=O)=Cc3c(cc(C(C)C)n3C)C2)ccc1Br,-6.1,330.5811984539032
195,c12cc(NC(=O)OCc3scc(C)n3)=C[C@H]c2ccc1Br,-6.1,200.07760500907895
702,c1c(Oc2cccc(C(CCCCC)N(S(=O)(C)F)N(=O)=O)c2)ccc(=O)cc1,-6.1,346.71205735206604
742,N(C1CCC(=O)NS(=O)(=O)C1)C(Cc1ccccc1)C(CC)CC(=O)CCOS,-6.1,407.9806241989136
65,OC(C(C(F)(F)F)c1cc(C(F)(F)F)ccc1)Cn1cccc1,-6.1,263.39745330810547
64,O(C(C)(CO)Cc1ccc(F)cc1)c1cccc(C(F)(F)F)c1,-6.1,265.87818026542664
196,c1(-c2c(Cl)cc(N(S(=O)(=O)C)C)c(CC(C)C)c2)ccc1,-6.1,198.789705991745
183,C1CCCCC1N(Cc1c(C2CCC2)cc(CC2CC2)nc1)c1ccccc1,-6.1,286.2831370830536
2,FC(F)(F)c1cccc(CN2C[C@@H](C)C(=O)C2)c1NC(=O)C(=O)O,-6.1,286.3849585056305
199,OC(=O)NC12CC3CC(C1)CC(C(F)(F)F)(C3)C2,-6.1,222.58369064331052
449,C1CCCCCC1CN1C(=O)c2cccc(Cl)c2S1(=O)=O,-6.1,184.3276691436768
175,c1c(F)cc(NC(=O)OCc2c(C)cn(C)c2-c2ccccc2)cc1C(C)Cl,-6.1,276.51103258132935
380,c1ccc2sc(NC(=O)c3cc(N(CC)C)ncc3)nc2c1C(CO)=O,-6.0,315.4690761566162
468,CN1C(=O)CN(C(c2ccccc2)CC3CCCCC3)S1(=O)=O,-6.0,233.3274528980255
732,C1OCc2cc(-c3cc(NCCO)ncc3)c(C3CC3)c(C3CC3)c21,-6.0,313.45000553131104
126,c1cc(F)c(CNC(C)(C)CCC(=O)N(O)C(C(C)C)C(=O)O)cc1,-6.0,360.6162824630737
186,N(C(c1ccc(F)c2ccccc12)C(O)O)=O,-6.0,191.15153741836548
179,C1C(O)C2(CCC(C(NC(C)(C)C)O)OC2)C(O)CCCC1,-6.0,295.8250114917755
872,c1(F)ccc1CC(Nc1c(NC)ccc(S(=O)(=O)C)c1)=O,-6.0,220.3407571315765
577,C1C(CC(NC(O)CC)C2CCCC(NC)C2)CN(c2ccc(N)cc2)CC1O,-6.0,443.39120388031006
26,OC(=O)c1ccc(S(c2ccc(Br)c(C)c2)=O)cc1,-6.0,198.792754650116
171,c1(F)ccc(c(F)cc1S(=O)(=O)Oc1cccc(C)c1)=O,-6.0,237.19534587860107
744,C1N(Cc2c(NC)ccc(C(F)(F)F)c2)C[C@](O)CC1(C)C,-6.0,243.74855279922485
235,O=C(CC)Nc1cccc(S(c2ccc(C)cc2)CC(O)=O)c1,-6.0,289.58067893981934
668,c1c(C)c(F)ccc1S(c1c(C(=O)O)cccc1)#CC(O)=CCCCl,-6.0,324.83186864852905
382,N1CCOC2C(NC(=O)c3ccc[nH]c3=O)C(O)=NC2C1,-6.0,222.9386160373688
119,c1(F)cc(-c2nc(C(O)=O)n(-c3ccccc3)n2)c1Br,-6.0,224.834977388382
589,C1CCCC2C1CCC(C(O)=O)C2Cc1ccc(C)s1,-6.0,198.5689058303833
7,O=C(O)C(Cc1ccccc1)N(c1ccccc1)(=O)NC(C)C(=O)O,-6.0,326.9825134277344
510,Fc1ccc(CC(NC(C)=O)C(=O)NCc2c(=O)[nH]ccc2)cc1,-6.0,241.825229883194
647,O=C(NC(O)CN1CCOCC1)NC(Cc1ccccc1)C(=O)O,-6.0,349.1775462627411
218,FC(F)(F)CNC(Cc1ccc2c(c1)NC(=O)CS2)=O,-6.0,200.40817856788635
174,Fc1(-c2cc3cc(C4CC4)ncc3s2)cccc1Cl,-6.0,184.4217796325684
14,c1ccc(CC(NS(=O)(=O)CC2CCCCC2)C(O)=O)cc1Br,-6.0,253.32432341575625
448,c1nccc2c(c(C(=O)O)c1)cc(C(F)(F)F)c(S(N)(=O)=O)c2O,-6.0,381.8014404773712
215,CC1CN(C(=O)c2ccnc(NC3CCCCC3)c2)C(CCC(C)C)CC(C)N1,-6.0,344.74413299560547
341,c1cc(C)c(F)c(CC(C(C)=O)CC(O)CN2CCOCC2)c1,-6.0,262.37833070755005
173,c1ccc2c(-c3cnccc3Nc3ccn(CCO)c3)c(C(NC)=O)sc2c1,-6.0,320.6824188232422
663,O1CN(S(=O)(=O)c2c(F)ccc(C)c2)CC(C(C)C)C1,-6.0,200.4888734817505
386,O=C(CCC(C)C)N(Cc1cccc(O)c1)S(c1ccc(Br)cc1)F,-6.0,283.6876199245453
457,c1(C)cc(CNc2c(Br)n(Cc3ncccn3)cc2)c1Br,-6.0,208.68436861038208
185,c1cc(Br)c2nn(Cc3ccc(F)cc3)cc2c1,-6.0,162.95999097824097
367,OCc1ccc(S(=O)(=O)O)c2cc(C)ccc12,-6.0,189.8963911533356
121,c1(N)cc(CS(=O)(=O)Nc2ccc(Br)cc2)c1,-6.0,202.8960075378418
2,C(Nc1ccc(-c2c(C3CC3)cc(C)cc2)nc1C(NC(C)(C)C)=O)#CCCCN,-6.0,472.4992287158966
11,FC(F)(F)c1ncc(NS(CC(N)=O)C(F)(F)F)c(C(F)(F)F)c1,-6.0,264.0523407459259
813,Cc1cc(C)c2c(c1)N(C(c1c(O)cccc1)CC(O)=O)C(=O)CS2=O,-6.0,319.30040884017944
156,Fc1cc2c(cc1NS(C)(=O)=O)S(=O)(=O)N(C)CC2=O,-6.0,169.09786820411682
187,c1cc(OCC(C(F)(F)F)=O)sc1-c1ccnc(N)n1,-6.0,218.06467843055725
411,O=C(O)C(C(NN1CCOCC1)O)Nc1cccc(O)c1,-6.0,309.71109533309937
93,c12c(n(Cc3c(F)ccc(N(S(=O)(=O)C)NC(C)C)c3)CCS2)CN1,-6.0,289.1081631183624
4,CN1c2ccccc2C(=O)Nc2ccccc2S1(=O)=O,-6.0,239.51190853118896
240,N(CCCO)(O)CCN1C(=O)c2cc(Cl)ccc2S1(=O)=O,-6.0,247.57780051231384
763,C1CN(S(O)(=O)c2ccc(CCO)s2)C[C@H](C(O)CC2CC2)C1,-6.0,390.3935372829437
711,C1CCC2(CCCC(=O)N2c2c(O)cccc2)C1,-6.0,152.58491230010986
554,[nH]1c(=O)cc(NCc2cccnc2)n(-c2cccc(F)c2)c1=O,-6.0,223.21739101409912
780,N1(S(=O)(=O)c2ccc(C)cc2)N(CCC(C)(C)C)S1(=O)=O,-6.0,210.46391320228577
416,N(C(=O)c1c(N)n(CCC)cc1)c1ccc(C(NC(C)(C)C)C(C)C)cc1,-6.0,414.3736207485199
417,c1(N2C(C(O)=O)[C@H]2N2CCOCC2)cccc(C)c1-c1ccc(F)1,-6.0,315.7762749195099
244,C1[CH](N(Cc2cccnc2)S(=O)(=O)c2ccc(Cl)cc2)C(=O)O1,-6.0,226.3243992328644
87,O=S(c1ccc(CNC2(C3CC3)CCC2)s1)Oc1ccccc1,-6.0,256.9205889701843
75,c1cc2c(cc1C(F)(F)F)c(C)c(C(=O)O)CS2,-6.0,174.13075470924375
602,c1cc(C)c(OC2CCN(c3c(C)cncc3)CC2)s1,-6.0,193.14646649360657
188,c1c(Br)ccc(Cn2c(C(=O)O)cc3c2CC(O)C3)c1N(O)S(=O)CCCC,-6.0,389.984489440918
769,c1cc(F)ccc1S(=O)(=O)Nc1c(Cl)cccc1C(C)C,-6.0,194.09361600875852
19,C1[CH](C)C(N2C[C@@H](Cc3ccc(F)c(F)c3)CC2)C(O)C1,-6.0,223.04555416107175
74,c1c(N2CCC3(C(O)CO)CCCCC3C2)cc(Cl)cc1,-6.0,256.16678643226624
140,N(c1ccc(-c2ccccn2)c(C(F)(F)F)c1)(F)F,-6.0,191.36756205558777
715,C1Cc2c(cccc2CN(Cc2ncccc2)c2c(C)c(C(=O)O)sc2)S1,-6.0,318.92096161842346
26,c1(F)ccc1C1(C(O)=O)C(=O)Nc2nonc21,-6.0,239.1148557662964
807,CC(C)CC(C)N(CC(O)C(O)CNC(=O)N1CCC3(CC1)CS3)O,-6.0,379.6169397830963
551,O=S(=O)(NC(C(F)(F)F)C(F)(F)F)c1ccc(NC(C)=O)cc1,-6.0,253.20951175689697
459,C1(NC(N(c2scnc2-c3scnc3)C(C)C)=NC=O)C(=O)N1c1ccc1CCl,-6.0,337.05132508277893
120,OB(c1cc(CC(NC)CCC(C)C)ccc1O)c1ccc(=O)[nH]n1,-6.0,0.0526986122131347
60,c1(N2CCC3(C(=O)OC)CCCC(O)(C2)C3)c2c(cccc2)c1Cl,-6.0,263.4740972518921
714,c1cc(F)c2c(c1)nc(C(CC(Cc1ccccc1)N1CCOCC1)cc(N)c2)=O,-6.0,379.5449593067169
285,c1cc(F)ccc1CN1[C@@H](CO)CC(CCC(=O)O)C1(C)NC(=O)Cl,-6.0,346.28602504730225
119,FC(F)(C#CC(=O)N1CCN(C(=O)c2cc(Cl)cc(F)c2)CC1)F,-6.0,246.91012167930603
42,C1(C)CCCC1CNc1scc(-c2sccc2)c1C(O)C(N)=O,-5.9,258.9922065734863
117,O1C2OCCC2(c2ccc(Cl)cc2)OC(C(O)=O)O1,-5.9,218.75361251831052
334,c1(F)c(F)c(C(c2ccccc2)N2C[C@H]([C@@H](C)C)CC2)c1Br,-5.9,226.20080828666687
30,c1cc(-c2ccnc(NS(-O)(C)=O)c2)c(N2CCOCC2)s1,-5.9,268.7824339866638
37,C(N(CC(C)C)S(=C)(=O)c1c(O)c(C)cc2c1SC(=O)C2=O)=O,-5.9,240.59496068954468
31,C1[CH](CCc2ccc(NC(=O)c3cc(N(C)CCO)ncc3)cc2)CN1,-5.9,353.5151438713074
33,Fc1ccc(-c2ncccc2)c(CN2C[C@@H](C)C[C@]2C)c1Br,-5.9,219.26188349723816
558,C1(C2=C(C(=O)NC(C3CC3)C3C=CCOC3)C2)CCC(=O)O1,-5.9,242.05943632125852
336,N1(S(=O)(=O)c2ccccc2Cl)C(O)=C(O)C1,-5.9,202.4010202884674
892,O=C(Oc1ccccc1Br)c1c(N)ncc(C)c1,-5.9,199.22859716415405
109,c1cc(F)ccc1CN1CCOC(c2scnc2)C1,-5.9,176.78336429595947
710,c1(CN2C(=O)C(C)(C)CC3(CCCCC3)C2)c(C(=O)O)s1,-5.9,232.53191328048703
614,c1(-c2c(Cl)c(CC(=O)C3CCCCC3)c(C(=O)O)s2)ccc1Cl,-5.9,282.4169273376465
110,OB1ccc(C(O)=O)c2n(C)c(=O)cc12,-5.9,0.0617175102233886
16,O=S1(=O)N(Cc2ccccc2)c2ccccc21,-5.9,156.72674131393433
563,O=C(c1ccc(-c2ccc(C#N)s2)s1)OCc1cc(C)sc1,-5.9,205.99594235420227
631,Cc1[NH]c2c(C)c(-c3sc(C)c(C)c3C(CC)C(O)=O)cc(C)c2c1,-5.9,276.76839900016785
528,C(c1ccc(Cl)cc1C1(O)CS(=O)(=O)c2ccccc2)CCCC1,-5.9,288.85106682777405
527,N1(C(F)(F)F)C(=O)OCc2c(Cl)cccc21,-5.9,123.72104954719543
275,C1cc(-c2sc3c(c2)c(C(=O)N2CCOCC2)c(C(=O)O)s3)s1,-5.9,238.02720427513125
278,O1CN(S(=O)(=O)c2ccc(C#CCCO)s2)CC(N2CCOCC2)C1,-5.9,280.9008934497833
104,c1cc(NS(=O)(=O)c2ccc(CCO)s2)cc(C(=O)O)c1,-5.9,265.3717267513275
227,C(c1c(NCC(O)=O)c(Cl)c(C)cc1)#CC1CC1,-5.9,218.19518184661865
300,C1C(c2nccc(C#CCC(=O)OC)c2)=C(O)[C@H](C2CC2)CC1=O,-5.9,288.15607929229736
92,c1cc2c(cc1-c1n(C(C)C)ccc1)c(C(=O)O)sc2Cl,-5.9,241.25466585159305
726,c1cc(F)ccc1CNc1c(C2CC2)c(-c2ccc(C)cc2)sc1,-5.9,236.87680888175964
555,c1(Sc2scc3c2ccc(F)c3F)c(C(=O)O)sc1=O,-5.9,199.84232759475708
728,CS(=O)(=O)N(CC(NC(=O)OC1COCCC1)C1CCCC1)SO,-5.9,292.51747846603394
95,OC(=O)N(S(c1ccc(O)cc1)=O)C1CCCCC1(C)C,-5.9,337.4305348396301
590,c1(S(=O)(=O)Nc2cc(CC3CCCCC3)sn2)ccc1,-5.9,209.49509382247925
768,CC1CCC(CCCC)N1C(=O)Nc1ccccc1CC(=O)O,-5.9,277.08404779434204
81,C1CCCCCC1N(Cc1ccc(C)cc1)S(=O)(=O)c1ccccc1,-5.9,241.7859208583832
137,C1CN(c2c(C(O)=O)n[nH]c2C(O)=O)CC2CCCCC2C1,-5.9,269.4212167263031
63,c1cc(Oc2c(Br)cncc2)ccc1Cn1cccn1,-5.9,211.3776924610138
368,Fc1c(NC(C(OC)C(C)C)=O)c(C)cc(Br)c1-c1ccc(C)cc1,-5.9,295.8892729282379
51,O=S1(=O)CC(O)C(C(F)(F)F)c2ccc(Cl)c(Cl)c21,-5.9,189.22263646125796
837,c1(S(=O)(N(Cc2ccc(C(=O)N)cc2)CCc2ccccc2)cc1)=O,-5.9,257.9987907409668
740,O=S1(=O)C(C(F)(F)F)C(C(F)(F)F)c2cc(Cl)ccc21,-5.9,222.2533504962921
365,N(C(C(C)C)=O)C(Cc1ccc(F)cc1)OC(c1c(O)cccc1)=O,-5.9,264.3490347862244
149,c1c(Br)cc(CC(O)C(N2CCCNC2=O)=O)cc1,-5.9,215.2229037284851
105,C1CC2C(c3ccccc3)N(C(=O)C3CC3)CC(O)NC2O1,-5.9,214.55509305000305
858,Fc1ccnOc2c(Cl)cc(Cl)cc12,-5.9,208.8638360500336
863,c1cccc(CC2(CCC(O)=O)CCC2)c1NC1CCOCC1,-5.9,248.22454833984372
876,C(C#CC(=O)N(CC(C)C)c1nc(C#N)cs1)N1CCOCC1=O,-5.9,236.7975182533264
394,C(C1(c2ncc(C(O)=O)s2)c2cccc(Br)c2)CC1,-5.9,201.28362011909485
391,C1CN(c2nc3c(s2)cc(F)cc3)C2(CCCC2)C1,-5.9,133.27276039123535
101,c1(N2CC(C3C(C)(C)CC(O)C3)OC)cccc(Br)c21,-5.8,217.72204303741452
805,c1ccc(-c2c(C(O)=O)n[C]c2CN2CCOCC2)cc1Br,-5.8,253.13500356674197
28,C1CN(CCn2c(C3CCCCC3)c3c(c2)NC(=O)CC3=O)C[C@H]1,-5.8,228.177992105484
400,c1cc(Nc2c(N)ccc(CC(=O)C(NC)CC)c2C(C)C)ccn1,-5.8,318.1532573699951
445,c1c(Br)ccc2c(N)c(NC(C)=O)cc(N(CCC)C3CC3)c12,-5.8,275.21719551086426
616,CCC(C)(C)C(=O)NC(C)C(=O)N(C)Cc1cncc(Br)c1,-5.8,247.1733193397522
743,N(C(=O)C(C)C)(CC(C)C)c1ccc2oncc2c1CCc1ccccc1,-5.8,253.35588717460632
152,N(C(c1cc(C)ccc1)C(F)(F)F)c1ccccc1,-5.8,198.53508019447327
66,c1cc(C)cc(S(NC(=O)OC(C)(C)C)CC(O)C(O)=O)c1C(=O)O,-5.8,391.64855313301086
160,c1(C)ccc(S(=O)(=O)O)cc1CCC(F)(F)F,-5.8,188.1448881626129
36,c12c(CCc3c(O)cccc3)n(Cc3ccc(C(=O)O)s3)cc2cc1,-5.8,297.32407426834106
122,O=S1(CC(F)(F)F)(C#CC2(CCC)CN(S(=O)(=O)C3CC3)CC2)NC1,-5.8,446.6558725833893
53,c1cc(C(F)(F)F)c(F)cc1CC(F)(F)F,-5.8,158.55735301971436
407,c1ccc(Br)c(-c2c(F)nc(NS(=O)(=O)C)s2)c1Br,-5.8,188.63320779800412
141,N1CCCC(c2cc(-c3sccc3)c(C3CCCCC3)s2)CC1,-5.8,285.7903718948364
531,c1cc(CNCC2(C)COC2)ccc1S(=O)(CC(C)C)=O,-5.8,226.65586614608765
674,C1CC1c1ccc(CC(NS(=O)(CC)=O)C(O)=O)s1,-5.8,249.0309796333313
169,c1(N2CCC3(C(OCCO)CCC(O)=CCC3)CC2)ccc(C(=O)O)[nH]1,-5.8,387.2642319202423
835,c1ccc(CC2(C(NC(=O)CO)CC3CCCCC3)CC2)c(C(=O)O)c1,-5.8,359.3024342060089
397,C(c1ncc2nc(C(F)(F)F)cc(Cl)c2c1)C1CC1,-5.8,173.3342638015747
164,c1cc2c(cc1)S(=O)(=O)N=C(c1ccc(C(=O)O)n1CCCO)NC2=O,-5.8,313.25407338142395
309,O=C(O)c1ccc(-c2ccc(CC(F)(F)F)s2)cc1,-5.8,225.79188656806943
338,C1NOC2(CCN(S(=O)(O)=O)CC2)C(=O)OS1,-5.8,141.98358368873596
869,O1CC2(CCN(C(C3CC3)C3CC3)CC2)c2ccc(O)cc21,-5.8,212.6605212688446
83,C1(c2ccc(F)cc2)(c2ccc(O)cc2F)s(=O)N=C1,-5.8,227.88221955299375
648,C[C@H]1cc(C(O)CNc2ccc(F)cc2)c(C(=O)NCCCC)c1,-5.8,290.42123460769653
886,c1(CN(c2cc(NC(=O)C)ncc2)CC(CC(=O)O)O)ccc1,-5.8,358.2068018913269
76,CC(C)c1c(Br)c(Cl)cc(c1)OC(C)(C)C(=O)O,-5.8,200.15527081489563
41,C(OC(F)(F)F)(OCCC)Cn1c(=O)[C@]c2ccc(C3CC3)cc21,-5.8,251.8812222480774
864,c1cc(N)cc(-c2c(Cl)ccc(NC)c2)c1NS(c2ccc(C)cc2)=O,-5.8,284.3744924068451
861,C1C(CCC(NS(O)(=O)=O)CC(CC(C)C)NS1(=O)Cc2c(F)SO2)C=O,-5.8,401.0483920574188
349,Nc1ccc(NS(c2cccnc2)S(=O)(=O)c2cc(C)ccc2)cc1,-5.8,297.1733705997467
564,Nc1ccc(S(=O)(=O)N2C[C@@H](OC)c2C)cc1C(=O)O,-5.8,277.1646423339844
584,c1cc(NS(=O)(=O)c2cc(NC)ccc2)c(Br)cc1,-5.8,190.7756383419037
481,c1cc(C)c(S(=O)(=O)NCc2c(F)cccc2C)s1,-5.8,198.1276409626007
488,CN1c2ccc(C3=CC(NCCO)=NS(=O)(=O)C3)c(C3CC3)c2SCS1=O,-5.8,309.6870937347412
257,OC(=O)Cc1cc(CC(Cc2ccccc2)N)cc(Cc2ccc[nH]2)c1,-5.8,364.4534838199616
608,O=C(O)C(Cc1ccccc1)OCc1ccccc1C1CC1,-5.8,249.56183433532715
204,C1CCCC(c2ccc(C(F)(F)F)o2)C(C)(C)C1,-5.8,169.6936113834381
664,O=C1CCC(CCOC(=O)CO)N1CC(=O)N1CCCCCC1,-5.8,250.93220710754397
207,N(C(=O)C1(c2cccc(F)c2)CC1)C(Cc1ccccc1)N(S(=O)(C)CS)SCC,-5.7,407.9699809551239
781,c1cc(Oc2c(Br)cncc2)S(=O)(=O)c(N)cc1Br,-5.7,188.99370908737183
185,O=C(NC(C(F)(F)F)C(F)(F)F)CCC(=O)N1CCNCC1,-5.7,233.2841534614563
428,c1(N2CC(OC(C3CC3)CC2S(NC(=O)C2CC2)=O)N1)=O,-5.7,247.00099277496335
277,C12CC(c3cc(Cl)c(Cl)cc3)CCC(C(=O)O1)C2,-5.7,200.73692917823792
460,C(C(F)(F)F)(O)c1ccccc1CN(CCC)c1cc(O)ccc1Cl,-5.7,321.7675006389618
123,c1(F)cc(S(=O)(=O)Nc2scc(C)c2C(O)=O)c1Br,-5.7,229.47111177444455
139,CCc1nc(O)cc(N)c1-c1cc(F)ccc1Br,-5.7,209.10461711883545
605,Brc1c(S(O)(=O)=O)c2c(cc1)cc(Cl)c(N)c2Cl,-5.7,184.62114763259888
425,c1c(NS(CCC)S(=O)(=O)C)c(-c2ccc(C(=O)O)s2)ncn1,-5.7,271.6622886657715
159,C1(CC(NS(=O)(=O)c2cccnc2)C2=NC=CNC2)CC1,-5.7,221.9203824996948
788,c1(S(=O)(=O)O)ccc1S(=O)(NC1CCOCC1)=O,-5.7,224.43743538856504
205,O=C(OC)Nc1cccc2ccc(F)cc12,-5.7,157.0532443523407
611,c1c(F)ccc(-c2c(C(O)=O)nccc2-c2c(NC)cccc2)c1Cl,-5.7,311.23160457611084
184,C1C(C2=C(C(=O)NC)C3(CCCCC3)CCC2(C)CN)C=C1,-5.7,253.16302180290225
825,C1CC1c1sc(C(=O)Nc2cc(C(F)(F)F)ncc2)c(C)c1,-5.7,229.1184184551239
3,OC(Cc1ccc2c(c1)N(C(=O)CO)CC2)C(Cc1ccccc1)=O,-5.7,300.0864169597626
453,C1CC1Cn1c(C(C)C(F)(F)F)c(C2CC2)cc1NC(=O)C(O)=O,-5.7,290.5082092285156
44,CC(C)(C)c1cc2c(ccc3c2CS3)[C@H]1,-5.7,115.4551362991333
12,S1=C(c2cc3cc(Cl)c(F)cc3n2Cc2ccc[nH]2)[nH]1,-5.7,179.6679995059967
348,Fc1ccc(-c2cc(C(=O)NC)c(C(=O)O)s2)s1,-5.7,205.38289332389832
353,c1cc(NC(=O)C(NC)C(CC2CCCCC2)=O)ccc1C(O)=O,-5.7,265.45095705986023
704,c1(Sc2c(F)cccc2)ccc1C(F)(F)F,-5.7,209.0214729309082
660,N(S(=O)(=O)c1ccc(Br)cc1)c1c(C(OC)C)occ1,-5.7,209.72667407989505
1,C1C(C2CCCN2c2c(=O)[nH]cc(C(=O)O)c2Cl)OS(=O)(C)C1,-5.7,306.80628848075867
114,C1(OCCN)(Cl)Cn2c(C3CCCCC3)c(Cl)c(C3CC3)c2C1,-5.7,267.85159134864807
724,C1CN(c2sc3c(c2)cc(C(NC)=O)CNC3)C[C@H]1,-5.7,175.33404731750488
601,C1C(CN(S(=O)(=O)c2c(=O)ncc3cnc(C)sc23)CO)CCC1,-5.7,257.5589227676392
370,C1CC(=O)N(Cc2cc(CC(F)(F)F)c(C)s2)CCC1,-5.7,205.6202642917633
721,C(c1cc(CN2C(=O)COc3ccccc32)sc1CC(C)C)=N,-5.7,235.1921396255493
723,C1CCC1C(C(=O)Nc1cc(F)c(NC(F)(F)F)cc1)O,-5.7,260.3693919181824
135,C1(=O)C(C)(CCc2ccccc2)c2c(cccc2)OCC(O)=C1,-5.7,241.8916869163513
167,C1C2CCCCC2S(=O)(NC(=O)Nc2ccc(C(C)C3CC3)s2)C1,-5.7,329.1907126903534
443,C1CC1CNc1cc(NS(=O)(=O)C)ccc1C(C)CCCC1CC1,-5.7,299.115882396698
540,N(c1ccc(C(=O)O)c(-c2ccc(C#CC(=O)N)s2)c1)=O,-5.7,235.8138153553009
292,CS(=O)(=O)N(Cc1ccc(Br)cc1)C(Cc1ccccc1)C(=O)O,-5.7,260.72425389289856
437,O1CCN(CC(O)=O)C(CC)(O)CN(c2ccc(Cl)cc2Br)C1,-5.7,300.1960644721985
297,c1cc(Oc2c(C(C)=O)nccc2)ccc1Cl,-5.7,173.92396140098572
833,CCCOC(=O)c1c(-c2cc(Cl)ccc2F)oc(O)c1CC,-5.7,238.6040952205658
716,C1[C@H](CC2=Cc3cc(F)cc(F)c3S2)c(=O)[C@H]1,-5.7,152.2506923675537
565,c1cc(Br)c(C)c(c2c(N(C)C)ccc(CCO)c2)c1Cl,-5.6,231.6470623016357
164,c1(NS(=O)(=O)c2ccc(C(=O)O)s2)c(C(O)=O)s1,-5.6,228.9416575431824
594,c1c(F)cccc1S(N(CC(C)C)C)c1ccc(C(=O)O)s1,-5.6,248.9069757461548
181,c1(N2CCC3(C(O)CO)CN(S(=O)(=O)C)CCCC3C2)ccc1,-5.6,395.007068157196
249,C1N(CCC(CCC(NC(C)(C)C)=O)C[C@H](C)C)S(=O)(=O)c1=O,-5.6,274.36388325691223
102,OCc1cc(-c2ccc(C#CCO)s2)ccc1OC(C)CC,-5.6,306.7220935821533
567,O=C(NC(Cc1ccccc1)Cc1scnc1)Cc1ccccc1,-5.6,235.1400735378265
96,C1CCCC(S(=O)(=O)Nc2scc(C(NC)=O)c2C(F)(F)F)C1,-5.6,233.0753412246704
573,N(C(=O)OCc1sc(C(C)(C)C)nc1)C1(c2sccc2)CCC1,-5.6,244.36166071891785
138,C1N(c2c(Cl)cncc2-c2ccc(F)cc2)C[C@](O)C1,-5.6,209.9930534362793
516,N(C(c1ccc(F)cc1)C(Cc1ccccc1)NC(C)(C)C)=O,-5.6,239.88365411758423
512,C(C(CC(F)(F)F)(F)F)c1c(F)c(F)cc(Cl)c1Cl,-5.6,183.9142541885376
893,N(C(NC(C(C)(C)C)=O)Cc1cccc(Br)c1)=O,-5.6,204.7938141822815
896,N1CC(CC(=O)O)N(CC(C)(C)C)Cc2cccc(Cl)c21,-5.6,241.55269694328308
517,c1(-c2cc(Cl)c(NC(=O)C3CC3)cc2)c(C(O)=O)s1,-5.6,220.9544038772583
3,c1ccc(C(=O)NC(c2ccccc2)c2sccn2)cc1,-5.6,195.5971474647522
11,C(C)(C)C(C)(O)CNC(=O)CCCNC(=O)c1cc(C2CC2)sc1,-5.6,306.0022885799408
855,c1cc(Br)ccc1CNc1c(C(=O)O)scc1,-5.6,194.60484790802
16,c1ccc(-c2sc3cccc(F)c3c2C(=O)O)s1,-5.6,160.9836392402649
843,c1ccc(SC(CC(CCCC(C)C)O)=O)c(NC(=O)CC(C)C)c1,-5.6,343.723115682602
823,c1cc(F)ccc1CN1C(=O)NC2=C(C2)[C@H]1,-5.6,164.09737706184387
493,C(C)(C(C)(C)C)CNS(=O)(c1ccc(CC(O)C(O)CNC(C)N)s1)=O,-5.6,461.32009267807007
877,N(C(Cc1ccccc1)C(O)CO)NS(=O)(=O)c1ccccc1,-5.6,297.1623454093933
786,C(Cc1ccc(CN2CCOCC2)s1)c1cc(CC(=O)O)sc1,-5.6,270.8312757015228
546,CC(C)CC1Nc2cccc(Br)c2CS1(=O)=O,-5.6,151.52843475341797
166,c1(N2CCC3(C(OCCO)CCCC3)CCCC2)cc(C(=O)CCO)c1Cl,-5.6,406.5409481525421
789,C1(C(C)CC(C(F)(F)F)=O)OCC(C)(C)OC1=O,-5.6,184.5512578487396
770,C(C1CC2CCC1C2)C(C(Cc1ccccc1)CC(=O)O)=O,-5.6,243.6871154308319
46,c1cc(C)c(-c2c(C(O)=O)n(Cc3ccncc3)cc2N)s1,-5.6,282.4862308502197
430,c1(Nc2c(NC)cc(Cl)cc2)sc(C#CCO)c(C(=O)O)c1,-5.6,298.0922453403473
717,C12CC(CC(C(=O)O)(Cl)CC2)(C(F)(F)F)CCCC1,-5.6,223.34151363372803
550,C[C@@H]1C[C@@](C)CN(C(=O)CC(O)c2ccccc2F)C1=O,-5.6,214.46884512901303
651,c1cc(Br)ccc1CN1CCNCC1c1ccccc1,-5.5,202.98263955116272
133,c1(C(c2cc3c(cc(C)cc3F)n2CC(O)CCC)F)ccn1,-5.5,238.1364049911499
340,O1C2CCCC1CC(C(Cc1ccccc1)C(=O)O)C2,-5.5,209.72069644927976
134,c12c(ccc2S(NC(=O)OC)CNC(=O)c2c(F)ccc(Cl)c2)c1,-5.5,242.687340259552
80,c1cc(S(NC(C)=O)C(C2CC2)Cc2ccccc2)cc(C(=O)O)c1,-5.5,296.6597468852997
75,c1(C)ccc1CN1C(=O)CNc2c(Cl)cccc21,-5.5,178.05922555923462
729,C[C@H]1cccc1NC(c1ccccc1)C(F)(F)F,-5.5,181.38352632522583
735,N1(c2cc(Cl)cc(NC)c2)(=O)Cc2nccc(=O)n21,-5.5,208.6585164070129
131,C(CO)#Cc1ccc2n(C(CCc3cccc(F)c3)CC(=O)N(C)C)ccc2c1,-5.5,392.93703389167786
202,C(NC(=O)OCC(C)C)S(=O)(=O)c1ccc(Br)cc1,-5.5,214.0215966701508
373,c1cc(F)ccc1-c1cc(CN(CC(C)C)C)c(C(=O)O)s1,-5.5,239.9969480037689
81,CC1CCC(CC(=O)NS(=O)(=O)O)CC1=O,-5.5,184.0376977920532
55,N1(CC(=O)Nc2cc(CC(C)C)ccc2)C[C@](C(C)(C)C)CC1,-5.5,247.78515791893005
802,C(C(=O)NC(C(F)(F)F)Br)CC(C(=O)O)CN1CCOCC1,-5.5,275.40167927742004
165,CC(C)C(C)Nc1c(C#CC2(C3CC3)CC2)cccc1C(=O)O,-5.5,241.35272216796875
154,c1cc2sc(C(O)=Cc3c(F)cccc3)cc2s1,-5.5,171.04565119743347
775,C12CCCCC1C(C(F)(F)F)OC2C(F)(F)F,-5.5,159.52412629127502
446,c1(Br)c2sccc2c1CN1C[nH](C(O)C2CC2)CC1,-5.5,224.58995580673215
226,c1(C(=O)Nc2ccc(F)cc2C)ccc1Br,-5.5,168.01150107383728
706,c1cc(NC(=O)NC(CO)=O)c(F)cc1F,-5.5,164.72309708595276
604,C1C2CCCCC2C(N)OC(C(CC)CC)C1(C)CC(O)=O,-5.5,278.58989691734314
58,c1cc(Oc2c(Br)cccc2)c(O)c(F)c1,-5.5,166.42135405540466
543,c1(S(=O)(=O)C)cc2c1ccc(F)c2C(C)CC1CC1,-5.5,205.29683113098145
32,c1ccc(C(N)CN(Cc2ccccc2)C2=COCC2)cc1Br,-5.5,243.42869305610657
626,c1(CS(NS(N)(=O)=O)C(NC1)C(C)NC(=O)N)=O,-5.5,235.7885110378265
15,C1CN(Cc2ccccc2)c2cscc2CC1=O,-5.5,155.65470576286316
88,C(c1ccc(C(O)=O)c(CN2C[C@](C3CC3)C(=O)C2)c1)=O,-5.5,231.1302795410156
241,[nH]1c2c(O)cc(CCC)c(SCc3ccnc(OC)c3)c1c2=O,-5.5,237.26583766937256
84,C1C2(CCN(S(=O)(=O)C(F)(F)F)CC2)CCCC1,-5.5,227.84241271018985
884,C(=Cc1cc(C(NC(C)=O)CC(O)CN2CCCN(C)C2)ccc1)=O,-5.5,289.3193681240082
65,B(=O)c1ccc(CN2CCC3(C2)N(CC2CC2)CC3C2CC2)cc1,-5.4,0.0631701946258544
562,N(c1cc(C(N)=O)ccc1)C(F)(F)F,-5.4,166.63907194137573
571,C1(CCN2C(C(C(NC)=O)=O)CC2)C[C@H](C(=O)O)c1,-5.4,228.18059992790225
383,c1cc(F)cc(CNC)c1N(Cc1ccc(Br)cc1)CCSCl,-5.4,260.93883228302
127,Fc1cccc(Br)c1B(C)C(N)=O,-5.4,0.0586752891540527
126,c1ccccc1CC(C(O)=O)C(Cc1ccccc1)NC(C)=O,-5.4,263.98395133018494
575,CC(C)CCN1c2ccccc2C(N)CS1(=C)=O,-5.4,192.47700190544128
141,c1cc(F)cc(CN(CCO)c2c(C3CCC3)ccc(C)c2F)c1Cl,-5.4,271.9076135158539
684,c1cccc(C(NC(=O)N2CCOCC2)C(O)=O)c1Br,-5.4,248.35886001586917
847,C(CCCO)Cn1c(=O)c(C(O)=O)cc(S(=O)(=O)C)c1,-5.4,255.6083266735077
559,Brc1cc(Cl)c2n(Cc3ccnc(N)c3)ccc2c1Cl,-5.4,196.15944027900696
64,CS(=O)(=O)N(Cc1ccc(Br)cc1)c1ccc(Br)s1,-5.4,190.14679288864136
118,c1(Cl)ccc1C(N)c1cc2ccccc2s1,-5.4,202.3704404830933
271,C1C2C(CCC(NC(C3CC3)CCC)O1)NC(=O)C2=O,-5.4,211.05091381073
131,c1(S(c2c(C3CC3)cc(C)cc2C(=O)O)C(=O)O)n(C)c1,-5.4,284.4493567943573
122,c1c2c(n(Cc3ccncc3)c2CNc2ccccc2)c(Cl)c1CCl,-5.3,253.0666389465332
22,c1cc(C)c2n[nH]c(=O)cc2c1N(CCCC)S(=O)(C)=O,-5.3,211.38923120498657
737,O=C(OC)Nc1ccccc1-c1cccc(C)c1NS(c1ccccc1)CO,-5.3,332.20131731033325
703,c1(CN2[C@@H](C(N)=O)C2)c(CN2[nH](CO)COC2)cc1,-5.3,240.72663855552676
720,C1C(O)(CN)C(C(C2=CSCOC2)CC2CCCC2)C(O)CCCC1,-5.3,404.78058886528015
327,c1ccc(CC(NC(C)=O)C(F)(F)F)s1,-5.3,174.82252526283264
322,c1cccc(C)c1CC(NC(=O)Nc1cc(C)cc(Br)c1)SCl,-5.3,217.85631203651428
111,c1cc(F)ccc1CN1CCCOC(C)(C(C)(C)C)C1,-5.3,202.29956007003784
882,C1CCCCC(CCl)(OC(=O)Nc2ccccc2)C1,-5.3,202.2392461299896
19,c1cc(CC(O)CN)ccc1S(NC)(=O)=O,-5.3,218.9541175365448
659,c1ccc(CN2CC(C(=O)NC(C3CC3)C3CC3)=CC2=O)s1,-5.3,244.0871934890747
85,CN(CC(C)(CCC)C(O)C(C)(C)C)C(c1ccccc1)C(=O)O,-5.3,353.09674739837646
182,O1C2CC(C(=O)NC)N(Cc3sccc3)CC2S1(=O)=O,-5.3,187.3317391872406
253,FC(F)(F)C1(C#CC2CC2)S(=O)(=O)N=Cn2ccc(Cl)c21,-5.3,260.0550673007965
784,C12CC(CC(C)(C1)S(=O)(=O)C(Cl)(C)C)NC2=O,-5.2,169.07978510856628
793,c1cc(-c2c(C3CCCCC3)scc2)on1,-5.2,169.92448258399963
18,c1cc2c(n(C(=O)NC(C3CC3)C3CC3)s1)S(=O)(=O)C2=O,-5.2,188.2144284248352
588,FC(F)(F)CCC#CC(NS(CCc1sccc1)=CC1=NC=CC1)=CO,-5.2,399.0780956745148
438,CC1CCC(C)C(N2C=CS2(=O)=O)C1(C)C,-5.2,141.22863364219666
22,s1cc(NC(=O)Nc2ccc(C(=O)NC)s2)c(Br)c1,-5.2,200.973858833313
190,c1ccc(CCC(O)c2c(Br)cccc2)s1,-5.2,193.9507772922516
70,c1cc(ccc1)S(NC(=O)c1sc(C#CCO)cc1)=O,-5.2,261.6399447917938
83,c1(F)cc(C(C#CC2CCCCC2)NS(=O)(=O)c2ccccc2)c1,-5.2,265.1305124759674
157,C(CCCCN(Cc1scnc1)C(C)(C)C)CC(O)C(=O)O,-5.1,338.3772029876709
887,Brc1nc2cccc(C(=O)NCCO)c2cc1Cl,-5.1,195.31646347045896
206,N(C(C(Cc1ccccc1)=O)(CC)c1cccc(Br)c1)=O,-5.1,220.75528931617737
719,O=S1(=O)CCC(C(NC2COCC2)N2C[C@](C)C2)C1,-5.0,218.46001172065732
387,N1(c2cccc(Br)c2)ccc(Br)c1C1CC1,-5.0,163.2525668144226
539,Fc1ccccc1C1(CNc2ccc(N)cc2)CC1,-5.0,209.33182549476624
808,c1cc(Br)ccc1S(N)(=O)=O,-4.9,117.3005223274231
180,O=S(c1cc2c(cc1F)Br)NCCS2=O,-4.9,210.36094617843628
97,c1cc(Br)c(Cn2ccc(C)c(F)c2=O)s1,-4.8,159.3791663646698
261,c1cc(Br)c(Cl)c(F)c1CC(O)=O,-4.8,156.13980770111084
454,FC(F)(F)c1cc(CS(=O)(=O)C)sn1,-4.8,161.03410172462463
153,c1(Sc2ccc(O)cc2)cn1C(C)C(O)Cl,-4.7,213.3820004463196
181,Fc1cc(Br)c(NS(C)(=O)=O)cc1F,-4.7,161.83593773841858
85,O=S(c1cc2occc2s1)O,-4.6,114.8785252571106
130,c1cc(OC)c(Br)c(C(N)=O)c1,-4.5,138.26343321800232
435,c1c(O)ccc(Br)c1Br,-4.3,216.69504070281985
